[  109574ms] [WARNING] Element with id: savedSearchList not found @ https://static.licdn.com/aero-v1/sc/h/aq5lzef3mjfh5ovro1yp6bdxs:1
[  109574ms] [WARNING] Element with id: savedSearchUrl not found @ https://static.licdn.com/aero-v1/sc/h/aq5lzef3mjfh5ovro1yp6bdxs:1
[  109575ms] [WARNING] Element with id: isMergeSignInSignUpV2Enabled not found @ https://static.licdn.com/aero-v1/sc/h/aq5lzef3mjfh5ovro1yp6bdxs:1
[  109575ms] [WARNING] Element with id: mergeSignInSignUpLixValue not found @ https://static.licdn.com/aero-v1/sc/h/aq5lzef3mjfh5ovro1yp6bdxs:1
[  109575ms] [WARNING] No outlet was found with a data-modal attribute equal to the provided dataCustomOutlet param base-contextual-sign-in-modal @ https://static.licdn.com/aero-v1/sc/h/aq5lzef3mjfh5ovro1yp6bdxs:1
[  109579ms] Uncaught TypeError: Cannot read properties of null (reading 'addEventListener')
    at Bf (https://static.licdn.com/aero-v1/sc/h/aq5lzef3mjfh5ovro1yp6bdxs:1:430163)
    at rp (https://static.licdn.com/aero-v1/sc/h/aq5lzef3mjfh5ovro1yp6bdxs:1:463392)
    at E (https://static.licdn.com/aero-v1/sc/h/aq5lzef3mjfh5ovro1yp6bdxs:1:1586281)
    at <anonymous> (https://static.licdn.com/aero-v1/sc/h/aq5lzef3mjfh5ovro1yp6bdxs:1:1592589)
[  109838ms] [WARNING] [GSI_LOGGER]: Your client application may not display the Google One Tap in its default position. When FedCM becomes mandatory, One Tap only displays in the default position. Refer to the migration guide to update your code accordingly and opt-in to FedCM to test your changes. Learn more: https://developers.google.com/identity/gsi/web/guides/fedcm-migration?s=dc#layout @ https://static.licdn.com/aero-v1/sc/h/29rdkxlvag0d3cpj96fiilbju:168
[  109838ms] [WARNING] [GSI_LOGGER]: Your client application uses one of the Google One Tap prompt UI status methods that may stop functioning when FedCM becomes mandatory. Refer to the migration guide to update your code accordingly and opt-in to FedCM to test your changes. Learn more: https://developers.google.com/identity/gsi/web/guides/fedcm-migration?s=dc#display_moment and https://developers.google.com/identity/gsi/web/guides/fedcm-migration?s=dc#skipped_moment @ https://static.licdn.com/aero-v1/sc/h/29rdkxlvag0d3cpj96fiilbju:168
[  109838ms] [WARNING] [GSI_LOGGER]: Currently, you disable FedCM on Google One Tap. FedCM for One Tap will become mandatory starting Oct 2024, and you won’t be able to disable it. Refer to the migration guide to update your code accordingly to ensure users will not be blocked from logging in. Learn more: https://developers.google.com/identity/gsi/web/guides/fedcm-migration @ https://static.licdn.com/aero-v1/sc/h/29rdkxlvag0d3cpj96fiilbju:168
[  131948ms] [ERROR] [GSI_LOGGER]: Check credential status returns invalid response. @ https://static.licdn.com/aero-v1/sc/h/29rdkxlvag0d3cpj96fiilbju:73
[  131953ms] Uncaught Error: GoogleOneTapError display: unknown_reason
    at <anonymous> (https://static.licdn.com/aero-v1/sc/h/aq5lzef3mjfh5ovro1yp6bdxs:1:457324)
    at e.dispatchEvent (https://static.licdn.com/aero-v1/sc/h/aq5lzef3mjfh5ovro1yp6bdxs:1:434803)
    at <anonymous> (https://static.licdn.com/aero-v1/sc/h/aq5lzef3mjfh5ovro1yp6bdxs:1:444394)
    at ws (https://static.licdn.com/aero-v1/sc/h/29rdkxlvag0d3cpj96fiilbju:331:120)
    at js.i (https://static.licdn.com/aero-v1/sc/h/29rdkxlvag0d3cpj96fiilbju:330:182)
    at Jq.i (https://static.licdn.com/aero-v1/sc/h/29rdkxlvag0d3cpj96fiilbju:348:153)
    at <anonymous> (https://static.licdn.com/aero-v1/sc/h/29rdkxlvag0d3cpj96fiilbju:332:210)
    at <anonymous> (https://static.licdn.com/aero-v1/sc/h/29rdkxlvag0d3cpj96fiilbju:261:413)
    at Vf (https://static.licdn.com/aero-v1/sc/h/29rdkxlvag0d3cpj96fiilbju:195:194)
    at _.l.dispatchEvent (https://static.licdn.com/aero-v1/sc/h/29rdkxlvag0d3cpj96fiilbju:193:347)
    at jg (https://static.licdn.com/aero-v1/sc/h/29rdkxlvag0d3cpj96fiilbju:201:208)
    at lg (https://static.licdn.com/aero-v1/sc/h/29rdkxlvag0d3cpj96fiilbju:204:30)
    at cg.Sd (https://static.licdn.com/aero-v1/sc/h/29rdkxlvag0d3cpj96fiilbju:202:244)
    at cg.Ic (https://static.licdn.com/aero-v1/sc/h/29rdkxlvag0d3cpj96fiilbju:202:210)
[  131953ms] Uncaught TypeError: Cannot read properties of null (reading 'name')
    at <anonymous> (https://static.licdn.com/aero-v1/sc/h/e69gtg8c61dzqklxridy0htl9:0:293010)
[  131950ms] [ERROR] Failed to load resource: net::ERR_NAME_NOT_RESOLVED @ https://accounts.google.com/gsi/status?client_id=990339570472-k6nqn1tpmitg8pui82bfaun3jrpmiuhs.apps.googleusercontent.com&as=MiKuCiuLaXQBKkHAtQMA3w&has_opted_out_fedcm=true:0
[  245647ms] [ERROR] Failed to load resource: net::ERR_INTERNET_DISCONNECTED @ https://www.linkedin.com/li/track:0
[  245667ms] [ERROR] Failed to load resource: net::ERR_INTERNET_DISCONNECTED @ https://www.linkedin.com/li/track:0
[  265772ms] [ERROR] Failed to load resource: net::ERR_TIMED_OUT @ https://www.linkedin.com/li/track:0
[  268412ms] [ERROR] Failed to load resource: net::ERR_TIMED_OUT @ https://www.linkedin.com/li/track:0
[  269912ms] [ERROR] Failed to load resource: net::ERR_TIMED_OUT @ https://www.linkedin.com/li/track:0
[  272212ms] [ERROR] Failed to load resource: net::ERR_TIMED_OUT @ https://www.linkedin.com/li/track:0
[  274211ms] [ERROR] Failed to load resource: net::ERR_TIMED_OUT @ https://www.linkedin.com/li/track:0
[  276220ms] [ERROR] Failed to load resource: net::ERR_TIMED_OUT @ https://www.linkedin.com/li/track:0
[  283741ms] [ERROR] Failed to load resource: net::ERR_TIMED_OUT @ https://www.linkedin.com/li/track:0
[  288377ms] [ERROR] Failed to load resource: net::ERR_TIMED_OUT @ https://www.linkedin.com/li/track:0
[  292173ms] [ERROR] Failed to load resource: net::ERR_TIMED_OUT @ https://www.linkedin.com/li/track:0
[  294670ms] [ERROR] Failed to load resource: net::ERR_TIMED_OUT @ https://www.linkedin.com/li/track:0
[  299944ms] [ERROR] Failed to load resource: net::ERR_TIMED_OUT @ https://www.linkedin.com/li/track:0
[  301696ms] [ERROR] Failed to load resource: net::ERR_TIMED_OUT @ https://www.linkedin.com/li/track:0
[  302297ms] [ERROR] Failed to load resource: net::ERR_TIMED_OUT @ https://www.linkedin.com/li/track:0
[  306344ms] [ERROR] Failed to load resource: net::ERR_TIMED_OUT @ https://www.linkedin.com/li/track:0
[  310138ms] [ERROR] Failed to load resource: net::ERR_TIMED_OUT @ https://www.linkedin.com/li/track:0
[  312638ms] [ERROR] Failed to load resource: net::ERR_TIMED_OUT @ https://www.linkedin.com/li/track:0
[  318397ms] [ERROR] Failed to load resource: net::ERR_TIMED_OUT @ https://www.linkedin.com/li/track:0
[  319668ms] [ERROR] Failed to load resource: net::ERR_TIMED_OUT @ https://www.linkedin.com/li/track:0
[  320252ms] [ERROR] Failed to load resource: net::ERR_TIMED_OUT @ https://www.linkedin.com/li/track:0
[  324303ms] [ERROR] Failed to load resource: net::ERR_TIMED_OUT @ https://www.linkedin.com/li/track:0
[  328110ms] [ERROR] Failed to load resource: net::ERR_TIMED_OUT @ https://www.linkedin.com/li/track:0
[  330601ms] [ERROR] Failed to load resource: net::ERR_TIMED_OUT @ https://www.linkedin.com/li/track:0
[  330789ms] [ERROR] Failed to load resource: net::ERR_NETWORK_IO_SUSPENDED @ https://www.linkedin.com/li/track:0
[  330789ms] [ERROR] Failed to load resource: net::ERR_NETWORK_IO_SUSPENDED @ https://www.linkedin.com/li/track:0
[  330790ms] [ERROR] Failed to load resource: net::ERR_NETWORK_IO_SUSPENDED @ https://www.linkedin.com/li/track:0
[  330790ms] [ERROR] Failed to load resource: net::ERR_NETWORK_IO_SUSPENDED @ https://www.linkedin.com/li/track:0
[  330790ms] [ERROR] Failed to load resource: net::ERR_NETWORK_IO_SUSPENDED @ https://www.linkedin.com/li/track:0
[  330790ms] [ERROR] Failed to load resource: net::ERR_NETWORK_IO_SUSPENDED @ https://www.linkedin.com/li/track:0
[  330790ms] [ERROR] Failed to load resource: net::ERR_NETWORK_IO_SUSPENDED @ https://www.linkedin.com/li/track:0
[  330790ms] [ERROR] Failed to load resource: net::ERR_NETWORK_IO_SUSPENDED @ https://www.linkedin.com/li/track:0
[  330791ms] [ERROR] Failed to load resource: net::ERR_NETWORK_IO_SUSPENDED @ https://www.linkedin.com/li/track:0
[  330791ms] [ERROR] Failed to load resource: net::ERR_NETWORK_IO_SUSPENDED @ https://www.linkedin.com/li/track:0
[  330791ms] [ERROR] Failed to load resource: net::ERR_NETWORK_IO_SUSPENDED @ https://www.linkedin.com/li/track:0
[  330791ms] [ERROR] Failed to load resource: net::ERR_NETWORK_IO_SUSPENDED @ https://www.linkedin.com/li/track:0
[  330794ms] [ERROR] Failed to load resource: net::ERR_NETWORK_IO_SUSPENDED @ https://www.linkedin.com/li/track:0
[  330794ms] [ERROR] Failed to load resource: net::ERR_NETWORK_IO_SUSPENDED @ https://www.linkedin.com/li/track:0
[  330794ms] [ERROR] Failed to load resource: net::ERR_NETWORK_IO_SUSPENDED @ https://www.linkedin.com/li/track:0
[  330794ms] [ERROR] Failed to load resource: net::ERR_NETWORK_IO_SUSPENDED @ https://www.linkedin.com/li/track:0
[  330794ms] [ERROR] Failed to load resource: net::ERR_NETWORK_IO_SUSPENDED @ https://www.linkedin.com/li/track:0
[  330794ms] [ERROR] Failed to load resource: net::ERR_NETWORK_IO_SUSPENDED @ https://www.linkedin.com/li/track:0
[  330795ms] [ERROR] Failed to load resource: net::ERR_NETWORK_IO_SUSPENDED @ https://www.linkedin.com/li/track:0
[  330795ms] [ERROR] Failed to load resource: net::ERR_NETWORK_IO_SUSPENDED @ https://www.linkedin.com/li/track:0
[  330795ms] [ERROR] Failed to load resource: net::ERR_NETWORK_IO_SUSPENDED @ https://www.linkedin.com/li/track:0
[  330795ms] [ERROR] Failed to load resource: net::ERR_NETWORK_IO_SUSPENDED @ https://www.linkedin.com/li/track:0
[  330796ms] [ERROR] Failed to load resource: net::ERR_NETWORK_IO_SUSPENDED @ https://www.linkedin.com/li/track:0
[  330796ms] [ERROR] Failed to load resource: net::ERR_NETWORK_IO_SUSPENDED @ https://www.linkedin.com/li/track:0
[  330796ms] [ERROR] Failed to load resource: net::ERR_NETWORK_IO_SUSPENDED @ https://www.linkedin.com/li/track:0
[  330796ms] [ERROR] Failed to load resource: net::ERR_NETWORK_IO_SUSPENDED @ https://www.linkedin.com/li/track:0
[  330796ms] [ERROR] Failed to load resource: net::ERR_NETWORK_IO_SUSPENDED @ https://www.linkedin.com/li/track:0
[  330797ms] [ERROR] Failed to load resource: net::ERR_NETWORK_IO_SUSPENDED @ https://www.linkedin.com/li/track:0
[  330797ms] [ERROR] Failed to load resource: net::ERR_NETWORK_IO_SUSPENDED @ https://www.linkedin.com/li/track:0
[  330797ms] [ERROR] Failed to load resource: net::ERR_NETWORK_IO_SUSPENDED @ https://www.linkedin.com/li/track:0
[  330797ms] [ERROR] Failed to load resource: net::ERR_NETWORK_IO_SUSPENDED @ https://www.linkedin.com/li/track:0
[  330797ms] [ERROR] Failed to load resource: net::ERR_NETWORK_IO_SUSPENDED @ https://www.linkedin.com/li/track:0
[  330797ms] [ERROR] Failed to load resource: net::ERR_NETWORK_IO_SUSPENDED @ https://www.linkedin.com/li/track:0
[  330798ms] [ERROR] Failed to load resource: net::ERR_NETWORK_IO_SUSPENDED @ https://www.linkedin.com/li/track:0
[  333648ms] [ERROR] Failed to load resource: net::ERR_QUIC_PROTOCOL_ERROR.QUIC_NETWORK_IDLE_TIMEOUT @ https://www.linkedin.com/li/track:0
[  351352ms] [ERROR] Failed to load resource: net::ERR_TIMED_OUT @ https://www.linkedin.com/li/track:0
[  351853ms] [ERROR] Failed to load resource: net::ERR_TIMED_OUT @ https://www.linkedin.com/li/track:0
[  352756ms] [ERROR] Failed to load resource: net::ERR_TIMED_OUT @ https://www.linkedin.com/li/track:0
[  353428ms] [ERROR] Failed to load resource: net::ERR_TIMED_OUT @ https://www.linkedin.com/li/track:0
[  353533ms] [ERROR] Failed to load resource: net::ERR_NETWORK_IO_SUSPENDED @ https://www.linkedin.com/li/track:0
[  353538ms] [ERROR] Failed to load resource: net::ERR_NETWORK_IO_SUSPENDED @ https://www.linkedin.com/li/track:0
[  353538ms] [ERROR] Failed to load resource: net::ERR_NETWORK_IO_SUSPENDED @ https://www.linkedin.com/li/track:0
[  353538ms] [ERROR] Failed to load resource: net::ERR_NETWORK_IO_SUSPENDED @ https://www.linkedin.com/li/track:0
[  353538ms] [ERROR] Failed to load resource: net::ERR_NETWORK_IO_SUSPENDED @ https://www.linkedin.com/li/track:0
[  353538ms] [ERROR] Failed to load resource: net::ERR_NETWORK_IO_SUSPENDED @ https://www.linkedin.com/li/track:0
[  353538ms] [ERROR] Failed to load resource: net::ERR_NETWORK_IO_SUSPENDED @ https://www.linkedin.com/li/track:0
[  353538ms] [ERROR] Failed to load resource: net::ERR_NETWORK_IO_SUSPENDED @ https://www.linkedin.com/li/track:0
[  353538ms] [ERROR] Failed to load resource: net::ERR_NETWORK_IO_SUSPENDED @ https://www.linkedin.com/li/track:0
[  353538ms] [ERROR] Failed to load resource: net::ERR_NETWORK_IO_SUSPENDED @ https://www.linkedin.com/li/track:0
[  353538ms] [ERROR] Failed to load resource: net::ERR_NETWORK_IO_SUSPENDED @ https://www.linkedin.com/li/track:0
[  353538ms] [ERROR] Failed to load resource: net::ERR_NETWORK_IO_SUSPENDED @ https://www.linkedin.com/li/track:0
[  353538ms] [ERROR] Failed to load resource: net::ERR_NETWORK_IO_SUSPENDED @ https://www.linkedin.com/li/track:0
[  353538ms] [ERROR] Failed to load resource: net::ERR_NETWORK_IO_SUSPENDED @ https://www.linkedin.com/li/track:0
[  353538ms] [ERROR] Failed to load resource: net::ERR_NETWORK_IO_SUSPENDED @ https://www.linkedin.com/li/track:0
[  353538ms] [ERROR] Failed to load resource: net::ERR_NETWORK_IO_SUSPENDED @ https://www.linkedin.com/li/track:0
[  353538ms] [ERROR] Failed to load resource: net::ERR_NETWORK_IO_SUSPENDED @ https://www.linkedin.com/li/track:0
[  353538ms] [ERROR] Failed to load resource: net::ERR_NETWORK_IO_SUSPENDED @ https://www.linkedin.com/li/track:0
[  353538ms] [ERROR] Failed to load resource: net::ERR_NETWORK_IO_SUSPENDED @ https://www.linkedin.com/li/track:0
[  353538ms] [ERROR] Failed to load resource: net::ERR_NETWORK_IO_SUSPENDED @ https://www.linkedin.com/li/track:0
[  353539ms] [ERROR] Failed to load resource: net::ERR_NETWORK_IO_SUSPENDED @ https://www.linkedin.com/li/track:0
[  353539ms] [ERROR] Failed to load resource: net::ERR_NETWORK_IO_SUSPENDED @ https://www.linkedin.com/li/track:0
[  353539ms] [ERROR] Failed to load resource: net::ERR_NETWORK_IO_SUSPENDED @ https://www.linkedin.com/li/track:0
[  353539ms] [ERROR] Failed to load resource: net::ERR_NETWORK_IO_SUSPENDED @ https://www.linkedin.com/li/track:0
[  353539ms] [ERROR] Failed to load resource: net::ERR_NETWORK_IO_SUSPENDED @ https://www.linkedin.com/li/track:0
[  353539ms] [ERROR] Failed to load resource: net::ERR_NETWORK_IO_SUSPENDED @ https://www.linkedin.com/li/track:0
[  353539ms] [ERROR] Failed to load resource: net::ERR_NETWORK_IO_SUSPENDED @ https://www.linkedin.com/li/track:0
[  353540ms] [ERROR] Failed to load resource: net::ERR_NETWORK_IO_SUSPENDED @ https://www.linkedin.com/li/track:0
[  353540ms] [ERROR] Failed to load resource: net::ERR_NETWORK_IO_SUSPENDED @ https://www.linkedin.com/li/track:0
[  353540ms] [ERROR] Failed to load resource: net::ERR_NETWORK_IO_SUSPENDED @ https://www.linkedin.com/li/track:0
[  353540ms] [ERROR] Failed to load resource: net::ERR_NETWORK_IO_SUSPENDED @ https://www.linkedin.com/li/track:0
[  353540ms] [ERROR] Failed to load resource: net::ERR_NETWORK_IO_SUSPENDED @ https://www.linkedin.com/li/track:0
[  355626ms] [ERROR] Failed to load resource: net::ERR_QUIC_PROTOCOL_ERROR.QUIC_NETWORK_IDLE_TIMEOUT @ https://www.linkedin.com/li/track:0
[  370726ms] [ERROR] Failed to load resource: net::ERR_NETWORK_CHANGED @ https://www.linkedin.com/li/track:0
[  370728ms] [ERROR] Failed to load resource: net::ERR_NETWORK_CHANGED @ https://www.linkedin.com/li/track:0
[  370728ms] [ERROR] Failed to load resource: net::ERR_NETWORK_CHANGED @ https://www.linkedin.com/li/track:0
[  370728ms] [ERROR] Failed to load resource: net::ERR_NETWORK_CHANGED @ https://www.linkedin.com/li/track:0
[  370728ms] [ERROR] Failed to load resource: net::ERR_NETWORK_CHANGED @ https://www.linkedin.com/li/track:0
[  370728ms] [ERROR] Failed to load resource: net::ERR_NETWORK_CHANGED @ https://www.linkedin.com/li/track:0
[  370728ms] [ERROR] Failed to load resource: net::ERR_NETWORK_CHANGED @ https://www.linkedin.com/li/track:0
[  370728ms] [ERROR] Failed to load resource: net::ERR_NETWORK_CHANGED @ https://www.linkedin.com/li/track:0
[  370728ms] [ERROR] Failed to load resource: net::ERR_NETWORK_CHANGED @ https://www.linkedin.com/li/track:0
[  370728ms] [ERROR] Failed to load resource: net::ERR_NETWORK_CHANGED @ https://www.linkedin.com/li/track:0
[  370728ms] [ERROR] Failed to load resource: net::ERR_NETWORK_CHANGED @ https://www.linkedin.com/li/track:0
[  370729ms] [ERROR] Failed to load resource: net::ERR_NETWORK_CHANGED @ https://www.linkedin.com/li/track:0
[  370729ms] [ERROR] Failed to load resource: net::ERR_NETWORK_CHANGED @ https://www.linkedin.com/li/track:0
[  370729ms] [ERROR] Failed to load resource: net::ERR_NETWORK_CHANGED @ https://www.linkedin.com/li/track:0
[  370729ms] [ERROR] Failed to load resource: net::ERR_NETWORK_CHANGED @ https://www.linkedin.com/li/track:0
[  370729ms] [ERROR] Failed to load resource: net::ERR_NETWORK_CHANGED @ https://www.linkedin.com/li/track:0
[  370730ms] [ERROR] Failed to load resource: net::ERR_NETWORK_CHANGED @ https://www.linkedin.com/li/track:0
[  371656ms] [ERROR] Failed to load resource: net::ERR_QUIC_PROTOCOL_ERROR.QUIC_NETWORK_IDLE_TIMEOUT @ https://www.linkedin.com/li/track:0
[  371657ms] [ERROR] Failed to load resource: net::ERR_QUIC_PROTOCOL_ERROR.QUIC_NETWORK_IDLE_TIMEOUT @ https://www.linkedin.com/li/track:0
[  371658ms] [ERROR] Failed to load resource: net::ERR_QUIC_PROTOCOL_ERROR.QUIC_NETWORK_IDLE_TIMEOUT @ https://www.linkedin.com/li/track:0
[  371658ms] [ERROR] Failed to load resource: net::ERR_QUIC_PROTOCOL_ERROR.QUIC_NETWORK_IDLE_TIMEOUT @ https://www.linkedin.com/li/track:0
[  371658ms] [ERROR] Failed to load resource: net::ERR_QUIC_PROTOCOL_ERROR.QUIC_NETWORK_IDLE_TIMEOUT @ https://www.linkedin.com/li/track:0
[  371658ms] [ERROR] Failed to load resource: net::ERR_QUIC_PROTOCOL_ERROR.QUIC_NETWORK_IDLE_TIMEOUT @ https://www.linkedin.com/li/track:0
[  371659ms] [ERROR] Failed to load resource: net::ERR_QUIC_PROTOCOL_ERROR.QUIC_NETWORK_IDLE_TIMEOUT @ https://www.linkedin.com/li/track:0
[  371659ms] [ERROR] Failed to load resource: net::ERR_QUIC_PROTOCOL_ERROR.QUIC_NETWORK_IDLE_TIMEOUT @ https://www.linkedin.com/li/track:0
[  371659ms] [ERROR] Failed to load resource: net::ERR_QUIC_PROTOCOL_ERROR.QUIC_NETWORK_IDLE_TIMEOUT @ https://www.linkedin.com/li/track:0
[  371661ms] [ERROR] Failed to load resource: net::ERR_INTERNET_DISCONNECTED @ https://www.linkedin.com/li/track:0
[  371662ms] [ERROR] Failed to load resource: net::ERR_INTERNET_DISCONNECTED @ https://www.linkedin.com/li/track:0
[  371663ms] [ERROR] Failed to load resource: net::ERR_INTERNET_DISCONNECTED @ https://www.linkedin.com/li/track:0
[  371663ms] [ERROR] Failed to load resource: net::ERR_INTERNET_DISCONNECTED @ https://www.linkedin.com/li/track:0
[  373656ms] [ERROR] Failed to load resource: net::ERR_INTERNET_DISCONNECTED @ https://www.linkedin.com/li/track:0
[  373658ms] [ERROR] Failed to load resource: net::ERR_INTERNET_DISCONNECTED @ https://www.linkedin.com/li/track:0
[  375654ms] [ERROR] Failed to load resource: net::ERR_INTERNET_DISCONNECTED @ https://www.linkedin.com/li/track:0
[  375655ms] [ERROR] Failed to load resource: net::ERR_INTERNET_DISCONNECTED @ https://www.linkedin.com/li/track:0
[  377660ms] [ERROR] Failed to load resource: net::ERR_INTERNET_DISCONNECTED @ https://www.linkedin.com/li/track:0
[  377664ms] [ERROR] Failed to load resource: net::ERR_INTERNET_DISCONNECTED @ https://www.linkedin.com/li/track:0
[  379657ms] [ERROR] Failed to load resource: net::ERR_INTERNET_DISCONNECTED @ https://www.linkedin.com/li/track:0
[  379661ms] [ERROR] Failed to load resource: net::ERR_INTERNET_DISCONNECTED @ https://www.linkedin.com/li/track:0
[  381658ms] [ERROR] Failed to load resource: net::ERR_INTERNET_DISCONNECTED @ https://www.linkedin.com/li/track:0
[  381662ms] [ERROR] Failed to load resource: net::ERR_INTERNET_DISCONNECTED @ https://www.linkedin.com/li/track:0
[  383658ms] [ERROR] Failed to load resource: net::ERR_INTERNET_DISCONNECTED @ https://www.linkedin.com/li/track:0
[  383662ms] [ERROR] Failed to load resource: net::ERR_INTERNET_DISCONNECTED @ https://www.linkedin.com/li/track:0
[  385656ms] [ERROR] Failed to load resource: net::ERR_INTERNET_DISCONNECTED @ https://www.linkedin.com/li/track:0
[  385658ms] [ERROR] Failed to load resource: net::ERR_INTERNET_DISCONNECTED @ https://www.linkedin.com/li/track:0
[  387658ms] [ERROR] Failed to load resource: net::ERR_INTERNET_DISCONNECTED @ https://www.linkedin.com/li/track:0
[  387662ms] [ERROR] Failed to load resource: net::ERR_INTERNET_DISCONNECTED @ https://www.linkedin.com/li/track:0
[  389656ms] [ERROR] Failed to load resource: net::ERR_INTERNET_DISCONNECTED @ https://www.linkedin.com/li/track:0
[  389659ms] [ERROR] Failed to load resource: net::ERR_INTERNET_DISCONNECTED @ https://www.linkedin.com/li/track:0
[  391655ms] [ERROR] Failed to load resource: net::ERR_INTERNET_DISCONNECTED @ https://www.linkedin.com/li/track:0
[  391657ms] [ERROR] Failed to load resource: net::ERR_INTERNET_DISCONNECTED @ https://www.linkedin.com/li/track:0
[  393660ms] [ERROR] Failed to load resource: net::ERR_INTERNET_DISCONNECTED @ https://www.linkedin.com/li/track:0
[  393666ms] [ERROR] Failed to load resource: net::ERR_INTERNET_DISCONNECTED @ https://www.linkedin.com/li/track:0
[  395657ms] [ERROR] Failed to load resource: net::ERR_INTERNET_DISCONNECTED @ https://www.linkedin.com/li/track:0
[  395661ms] [ERROR] Failed to load resource: net::ERR_INTERNET_DISCONNECTED @ https://www.linkedin.com/li/track:0
[  397661ms] [ERROR] Failed to load resource: net::ERR_INTERNET_DISCONNECTED @ https://www.linkedin.com/li/track:0
[  397666ms] [ERROR] Failed to load resource: net::ERR_INTERNET_DISCONNECTED @ https://www.linkedin.com/li/track:0
[  399661ms] [ERROR] Failed to load resource: net::ERR_INTERNET_DISCONNECTED @ https://www.linkedin.com/li/track:0
[  399666ms] [ERROR] Failed to load resource: net::ERR_INTERNET_DISCONNECTED @ https://www.linkedin.com/li/track:0
[  401655ms] [ERROR] Failed to load resource: net::ERR_INTERNET_DISCONNECTED @ https://www.linkedin.com/li/track:0
[  401657ms] [ERROR] Failed to load resource: net::ERR_INTERNET_DISCONNECTED @ https://www.linkedin.com/li/track:0
[  403655ms] [ERROR] Failed to load resource: net::ERR_INTERNET_DISCONNECTED @ https://www.linkedin.com/li/track:0
[  403659ms] [ERROR] Failed to load resource: net::ERR_INTERNET_DISCONNECTED @ https://www.linkedin.com/li/track:0
[  405655ms] [ERROR] Failed to load resource: net::ERR_INTERNET_DISCONNECTED @ https://www.linkedin.com/li/track:0
[  405657ms] [ERROR] Failed to load resource: net::ERR_INTERNET_DISCONNECTED @ https://www.linkedin.com/li/track:0
[  407658ms] [ERROR] Failed to load resource: net::ERR_INTERNET_DISCONNECTED @ https://www.linkedin.com/li/track:0
[  407664ms] [ERROR] Failed to load resource: net::ERR_INTERNET_DISCONNECTED @ https://www.linkedin.com/li/track:0
[  409660ms] [ERROR] Failed to load resource: net::ERR_INTERNET_DISCONNECTED @ https://www.linkedin.com/li/track:0
[  409666ms] [ERROR] Failed to load resource: net::ERR_INTERNET_DISCONNECTED @ https://www.linkedin.com/li/track:0
[  466273ms] [ERROR] Failed to load resource: net::ERR_INTERNET_DISCONNECTED @ https://www.linkedin.com/li/track:0
[  466275ms] [ERROR] Failed to load resource: net::ERR_INTERNET_DISCONNECTED @ https://www.linkedin.com/li/track:0
[  468276ms] [ERROR] Failed to load resource: net::ERR_INTERNET_DISCONNECTED @ https://www.linkedin.com/li/track:0
[  468280ms] [ERROR] Failed to load resource: net::ERR_INTERNET_DISCONNECTED @ https://www.linkedin.com/li/track:0
[  470275ms] [ERROR] Failed to load resource: net::ERR_INTERNET_DISCONNECTED @ https://www.linkedin.com/li/track:0
[  470279ms] [ERROR] Failed to load resource: net::ERR_INTERNET_DISCONNECTED @ https://www.linkedin.com/li/track:0
[  472278ms] [ERROR] Failed to load resource: net::ERR_INTERNET_DISCONNECTED @ https://www.linkedin.com/li/track:0
[  472282ms] [ERROR] Failed to load resource: net::ERR_INTERNET_DISCONNECTED @ https://www.linkedin.com/li/track:0
[  474276ms] [ERROR] Failed to load resource: net::ERR_INTERNET_DISCONNECTED @ https://www.linkedin.com/li/track:0
[  474279ms] [ERROR] Failed to load resource: net::ERR_INTERNET_DISCONNECTED @ https://www.linkedin.com/li/track:0
[  495056ms] [ERROR] Failed to load resource: net::ERR_TIMED_OUT @ https://www.linkedin.com/li/track:0
[  496862ms] [ERROR] Failed to load resource: net::ERR_TIMED_OUT @ https://www.linkedin.com/li/track:0
[  498560ms] [ERROR] Failed to load resource: net::ERR_TIMED_OUT @ https://www.linkedin.com/li/track:0
[  500864ms] [ERROR] Failed to load resource: net::ERR_TIMED_OUT @ https://www.linkedin.com/li/track:0
[  502858ms] [ERROR] Failed to load resource: net::ERR_TIMED_OUT @ https://www.linkedin.com/li/track:0
[  504558ms] [ERROR] Failed to load resource: net::ERR_TIMED_OUT @ https://www.linkedin.com/li/track:0
[ 1411006ms] [ERROR] Failed to load resource: net::ERR_TIMED_OUT @ https://www.linkedin.com/li/track:0
[ 1411373ms] [ERROR] Failed to load resource: net::ERR_TIMED_OUT @ https://www.linkedin.com/li/track:0
[ 1411423ms] [ERROR] Failed to load resource: net::ERR_TIMED_OUT @ https://www.linkedin.com/li/track:0
[ 1411554ms] [ERROR] Failed to load resource: net::ERR_TIMED_OUT @ https://www.linkedin.com/li/track:0
[ 1413170ms] [ERROR] Failed to load resource: net::ERR_TIMED_OUT @ https://www.linkedin.com/li/track:0
[ 1422050ms] [ERROR] Failed to load resource: net::ERR_TIMED_OUT @ https://www.linkedin.com/li/track:0
[ 1430898ms] [ERROR] Failed to load resource: net::ERR_TIMED_OUT @ https://www.linkedin.com/li/track:0
[ 1431497ms] [ERROR] Failed to load resource: net::ERR_TIMED_OUT @ https://www.linkedin.com/li/track:0
[ 1440517ms] [ERROR] Failed to load resource: net::ERR_TIMED_OUT @ https://www.linkedin.com/li/track:0
[ 1441545ms] [ERROR] Failed to load resource: net::ERR_TIMED_OUT @ https://www.linkedin.com/li/track:0
[ 1441547ms] [ERROR] Failed to load resource: net::ERR_TIMED_OUT @ https://www.linkedin.com/li/track:0
[ 1441548ms] [ERROR] Failed to load resource: net::ERR_TIMED_OUT @ https://www.linkedin.com/li/track:0
[ 1449464ms] [ERROR] Failed to load resource: net::ERR_TIMED_OUT @ https://www.linkedin.com/li/track:0
[ 1449480ms] [ERROR] Failed to load resource: net::ERR_TIMED_OUT @ https://www.linkedin.com/li/track:0
[ 1458494ms] [ERROR] Failed to load resource: net::ERR_TIMED_OUT @ https://www.linkedin.com/li/track:0
[ 1459522ms] [ERROR] Failed to load resource: net::ERR_TIMED_OUT @ https://www.linkedin.com/li/track:0
[ 1459524ms] [ERROR] Failed to load resource: net::ERR_TIMED_OUT @ https://www.linkedin.com/li/track:0
[ 1467445ms] [ERROR] Failed to load resource: net::ERR_TIMED_OUT @ https://www.linkedin.com/li/track:0
[ 1467450ms] [ERROR] Failed to load resource: net::ERR_TIMED_OUT @ https://www.linkedin.com/li/track:0
[ 1472560ms] [ERROR] Failed to load resource: net::ERR_TIMED_OUT @ https://www.linkedin.com/li/track:0
[ 1476461ms] [ERROR] Failed to load resource: net::ERR_TIMED_OUT @ https://www.linkedin.com/li/track:0
[ 1477503ms] [ERROR] Failed to load resource: net::ERR_TIMED_OUT @ https://www.linkedin.com/li/track:0
[ 1477504ms] [ERROR] Failed to load resource: net::ERR_TIMED_OUT @ https://www.linkedin.com/li/track:0
[ 1490526ms] [ERROR] Failed to load resource: net::ERR_TIMED_OUT @ https://www.linkedin.com/li/track:0
[ 1494434ms] [ERROR] Failed to load resource: net::ERR_TIMED_OUT @ https://www.linkedin.com/li/track:0
[ 1495470ms] [ERROR] Failed to load resource: net::ERR_TIMED_OUT @ https://www.linkedin.com/li/track:0
[ 1495472ms] [ERROR] Failed to load resource: net::ERR_TIMED_OUT @ https://www.linkedin.com/li/track:0
[ 1498453ms] [ERROR] Failed to load resource: net::ERR_TIMED_OUT @ https://www.linkedin.com/li/track:0
[ 1501647ms] [ERROR] Failed to load resource: net::ERR_TIMED_OUT @ https://www.linkedin.com/li/track:0
[ 1508503ms] [ERROR] Failed to load resource: net::ERR_TIMED_OUT @ https://www.linkedin.com/li/track:0
[ 1512399ms] [ERROR] Failed to load resource: net::ERR_TIMED_OUT @ https://www.linkedin.com/li/track:0
[ 1514062ms] [ERROR] Failed to load resource: net::ERR_TIMED_OUT @ https://www.linkedin.com/li/track:0
[ 1514379ms] [ERROR] Failed to load resource: net::ERR_TIMED_OUT @ https://www.linkedin.com/li/track:0
[ 1516780ms] [ERROR] Failed to load resource: net::ERR_TIMED_OUT @ https://www.linkedin.com/li/track:0
[ 1519618ms] [ERROR] Failed to load resource: net::ERR_TIMED_OUT @ https://www.linkedin.com/li/track:0
[ 1526465ms] [ERROR] Failed to load resource: net::ERR_TIMED_OUT @ https://www.linkedin.com/li/track:0
[ 1530376ms] [ERROR] Failed to load resource: net::ERR_TIMED_OUT @ https://www.linkedin.com/li/track:0
[ 1532037ms] [ERROR] Failed to load resource: net::ERR_TIMED_OUT @ https://www.linkedin.com/li/track:0
[ 1532344ms] [ERROR] Failed to load resource: net::ERR_TIMED_OUT @ https://www.linkedin.com/li/track:0
[ 1534748ms] [ERROR] Failed to load resource: net::ERR_TIMED_OUT @ https://www.linkedin.com/li/track:0
[ 1538081ms] [ERROR] Failed to load resource: net::ERR_TIMED_OUT @ https://www.linkedin.com/li/track:0
[ 1544434ms] [ERROR] Failed to load resource: net::ERR_TIMED_OUT @ https://www.linkedin.com/li/track:0
[ 1548701ms] [ERROR] Failed to load resource: net::ERR_TIMED_OUT @ https://www.linkedin.com/li/track:0
[ 1550007ms] [ERROR] Failed to load resource: net::ERR_TIMED_OUT @ https://www.linkedin.com/li/track:0
[ 1550318ms] [ERROR] Failed to load resource: net::ERR_TIMED_OUT @ https://www.linkedin.com/li/track:0
[ 1552731ms] [ERROR] Failed to load resource: net::ERR_TIMED_OUT @ https://www.linkedin.com/li/track:0
[ 1556868ms] [ERROR] Failed to load resource: net::ERR_TIMED_OUT @ https://www.linkedin.com/li/track:0
[ 1562409ms] [ERROR] Failed to load resource: net::ERR_TIMED_OUT @ https://www.linkedin.com/li/track:0
[ 1566683ms] [ERROR] Failed to load resource: net::ERR_TIMED_OUT @ https://www.linkedin.com/li/track:0
[ 1567982ms] [ERROR] Failed to load resource: net::ERR_TIMED_OUT @ https://www.linkedin.com/li/track:0
[ 1568294ms] [ERROR] Failed to load resource: net::ERR_TIMED_OUT @ https://www.linkedin.com/li/track:0
[ 1570707ms] [ERROR] Failed to load resource: net::ERR_TIMED_OUT @ https://www.linkedin.com/li/track:0
[ 1574839ms] [ERROR] Failed to load resource: net::ERR_TIMED_OUT @ https://www.linkedin.com/li/track:0
[ 1580388ms] [ERROR] Failed to load resource: net::ERR_TIMED_OUT @ https://www.linkedin.com/li/track:0
[ 1584644ms] [ERROR] Failed to load resource: net::ERR_TIMED_OUT @ https://www.linkedin.com/li/track:0
[ 1585938ms] [ERROR] Failed to load resource: net::ERR_TIMED_OUT @ https://www.linkedin.com/li/track:0
[ 1587075ms] [ERROR] Failed to load resource: net::ERR_TIMED_OUT @ https://www.linkedin.com/li/track:0
[ 1588671ms] [ERROR] Failed to load resource: net::ERR_TIMED_OUT @ https://www.linkedin.com/li/track:0
[ 1592814ms] [ERROR] Failed to load resource: net::ERR_TIMED_OUT @ https://www.linkedin.com/li/track:0
[ 1598363ms] [ERROR] Failed to load resource: net::ERR_TIMED_OUT @ https://www.linkedin.com/li/track:0
[ 1602970ms] [ERROR] Failed to load resource: net::ERR_TIMED_OUT @ https://www.linkedin.com/li/track:0
[ 1604906ms] [ERROR] Failed to load resource: net::ERR_TIMED_OUT @ https://www.linkedin.com/li/track:0
[ 1605040ms] [ERROR] Failed to load resource: net::ERR_TIMED_OUT @ https://www.linkedin.com/li/track:0
[ 1606633ms] [ERROR] Failed to load resource: net::ERR_TIMED_OUT @ https://www.linkedin.com/li/track:0
[ 1611596ms] [ERROR] Failed to load resource: net::ERR_TIMED_OUT @ https://www.linkedin.com/li/track:0
[ 1616734ms] [ERROR] Failed to load resource: net::ERR_TIMED_OUT @ https://www.linkedin.com/li/track:0
[ 1621431ms] [ERROR] Failed to load resource: net::ERR_TIMED_OUT @ https://www.linkedin.com/li/track:0
[ 1623377ms] [ERROR] Failed to load resource: net::ERR_TIMED_OUT @ https://www.linkedin.com/li/track:0
[ 1623875ms] [ERROR] Failed to load resource: net::ERR_TIMED_OUT @ https://www.linkedin.com/li/track:0
[ 1624598ms] [ERROR] Failed to load resource: net::ERR_TIMED_OUT @ https://www.linkedin.com/li/track:0
[ 1629561ms] [ERROR] Failed to load resource: net::ERR_TIMED_OUT @ https://www.linkedin.com/li/track:0
[ 1635698ms] [ERROR] Failed to load resource: net::ERR_TIMED_OUT @ https://www.linkedin.com/li/track:0
[ 1639402ms] [ERROR] Failed to load resource: net::ERR_TIMED_OUT @ https://www.linkedin.com/li/track:0
[ 1641711ms] [ERROR] Failed to load resource: net::ERR_TIMED_OUT @ https://www.linkedin.com/li/track:0
[ 1642039ms] [ERROR] Failed to load resource: net::ERR_TIMED_OUT @ https://www.linkedin.com/li/track:0
[ 1643383ms] [ERROR] Failed to load resource: net::ERR_TIMED_OUT @ https://www.linkedin.com/li/track:0
[ 1648151ms] [ERROR] Failed to load resource: net::ERR_TIMED_OUT @ https://www.linkedin.com/li/track:0
[ 1653667ms] [ERROR] Failed to load resource: net::ERR_TIMED_OUT @ https://www.linkedin.com/li/track:0
[ 1657378ms] [ERROR] Failed to load resource: net::ERR_TIMED_OUT @ https://www.linkedin.com/li/track:0
[ 1659684ms] [ERROR] Failed to load resource: net::ERR_TIMED_OUT @ https://www.linkedin.com/li/track:0
[ 1660008ms] [ERROR] Failed to load resource: net::ERR_TIMED_OUT @ https://www.linkedin.com/li/track:0
[ 1661349ms] [ERROR] Failed to load resource: net::ERR_TIMED_OUT @ https://www.linkedin.com/li/track:0
[ 1666126ms] [ERROR] Failed to load resource: net::ERR_TIMED_OUT @ https://www.linkedin.com/li/track:0
[ 1671626ms] [ERROR] Failed to load resource: net::ERR_TIMED_OUT @ https://www.linkedin.com/li/track:0
[ 1676164ms] [ERROR] Failed to load resource: net::ERR_TIMED_OUT @ https://www.linkedin.com/li/track:0
[ 1677658ms] [ERROR] Failed to load resource: net::ERR_TIMED_OUT @ https://www.linkedin.com/li/track:0
[ 1677983ms] [ERROR] Failed to load resource: net::ERR_TIMED_OUT @ https://www.linkedin.com/li/track:0
[ 1679314ms] [ERROR] Failed to load resource: net::ERR_TIMED_OUT @ https://www.linkedin.com/li/track:0
[ 1684594ms] [ERROR] Failed to load resource: net::ERR_TIMED_OUT @ https://www.linkedin.com/li/track:0
[ 1689599ms] [ERROR] Failed to load resource: net::ERR_TIMED_OUT @ https://www.linkedin.com/li/track:0
[ 1694128ms] [ERROR] Failed to load resource: net::ERR_TIMED_OUT @ https://www.linkedin.com/li/track:0
[ 1696452ms] [ERROR] Failed to load resource: net::ERR_TIMED_OUT @ https://www.linkedin.com/li/track:0
[ 1697449ms] [ERROR] Failed to load resource: net::ERR_TIMED_OUT @ https://www.linkedin.com/li/track:0
[ 1697783ms] [ERROR] Failed to load resource: net::ERR_TIMED_OUT @ https://www.linkedin.com/li/track:0
[ 1702562ms] [ERROR] Failed to load resource: net::ERR_TIMED_OUT @ https://www.linkedin.com/li/track:0
[ 1707567ms] [ERROR] Failed to load resource: net::ERR_TIMED_OUT @ https://www.linkedin.com/li/track:0
[ 1712595ms] [ERROR] Failed to load resource: net::ERR_TIMED_OUT @ https://www.linkedin.com/li/track:0
[ 1714434ms] [ERROR] Failed to load resource: net::ERR_TIMED_OUT @ https://www.linkedin.com/li/track:0
[ 1715433ms] [ERROR] Failed to load resource: net::ERR_TIMED_OUT @ https://www.linkedin.com/li/track:0
[ 1715750ms] [ERROR] Failed to load resource: net::ERR_TIMED_OUT @ https://www.linkedin.com/li/track:0
[ 1720896ms] [ERROR] Failed to load resource: net::ERR_TIMED_OUT @ https://www.linkedin.com/li/track:0
[ 1725544ms] [ERROR] Failed to load resource: net::ERR_TIMED_OUT @ https://www.linkedin.com/li/track:0
[ 1730567ms] [ERROR] Failed to load resource: net::ERR_TIMED_OUT @ https://www.linkedin.com/li/track:0
[ 1732411ms] [ERROR] Failed to load resource: net::ERR_TIMED_OUT @ https://www.linkedin.com/li/track:0
[ 1733407ms] [ERROR] Failed to load resource: net::ERR_TIMED_OUT @ https://www.linkedin.com/li/track:0
[ 1733726ms] [ERROR] Failed to load resource: net::ERR_TIMED_OUT @ https://www.linkedin.com/li/track:0
[ 1738869ms] [ERROR] Failed to load resource: net::ERR_TIMED_OUT @ https://www.linkedin.com/li/track:0
[ 1743531ms] [ERROR] Failed to load resource: net::ERR_TIMED_OUT @ https://www.linkedin.com/li/track:0
[ 1748541ms] [ERROR] Failed to load resource: net::ERR_TIMED_OUT @ https://www.linkedin.com/li/track:0
[ 1750383ms] [ERROR] Failed to load resource: net::ERR_TIMED_OUT @ https://www.linkedin.com/li/track:0
[ 1751392ms] [ERROR] Failed to load resource: net::ERR_TIMED_OUT @ https://www.linkedin.com/li/track:0
[ 1752191ms] [ERROR] Failed to load resource: net::ERR_TIMED_OUT @ https://www.linkedin.com/li/track:0
[ 1756830ms] [ERROR] Failed to load resource: net::ERR_TIMED_OUT @ https://www.linkedin.com/li/track:0
[ 1761495ms] [ERROR] Failed to load resource: net::ERR_TIMED_OUT @ https://www.linkedin.com/li/track:0
[ 1767456ms] [ERROR] Failed to load resource: net::ERR_TIMED_OUT @ https://www.linkedin.com/li/track:0
[ 1768349ms] [ERROR] Failed to load resource: net::ERR_TIMED_OUT @ https://www.linkedin.com/li/track:0
[ 1773419ms] [ERROR] Failed to load resource: net::ERR_TIMED_OUT @ https://www.linkedin.com/li/track:0
[ 1774789ms] [ERROR] Failed to load resource: net::ERR_TIMED_OUT @ https://www.linkedin.com/li/track:0
[ 1779470ms] [ERROR] Failed to load resource: net::ERR_TIMED_OUT @ https://www.linkedin.com/li/track:0
[ 1785425ms] [ERROR] Failed to load resource: net::ERR_TIMED_OUT @ https://www.linkedin.com/li/track:0
[ 1785728ms] [ERROR] Failed to load resource: net::ERR_TIMED_OUT @ https://www.linkedin.com/li/track:0
[ 1788143ms] [ERROR] Failed to load resource: net::ERR_TIMED_OUT @ https://www.linkedin.com/li/track:0
[ 1791998ms] [ERROR] Failed to load resource: net::ERR_TIMED_OUT @ https://www.linkedin.com/li/track:0
[ 1792768ms] [ERROR] Failed to load resource: net::ERR_TIMED_OUT @ https://www.linkedin.com/li/track:0
[ 1798440ms] [ERROR] Failed to load resource: net::ERR_TIMED_OUT @ https://www.linkedin.com/li/track:0
[ 1803386ms] [ERROR] Failed to load resource: net::ERR_TIMED_OUT @ https://www.linkedin.com/li/track:0
[ 1804512ms] [ERROR] Failed to load resource: net::ERR_TIMED_OUT @ https://www.linkedin.com/li/track:0
[ 1806734ms] [ERROR] Failed to load resource: net::ERR_TIMED_OUT @ https://www.linkedin.com/li/track:0
[ 1810590ms] [ERROR] Failed to load resource: net::ERR_TIMED_OUT @ https://www.linkedin.com/li/track:0
[ 1816416ms] [ERROR] Failed to load resource: net::ERR_TIMED_OUT @ https://www.linkedin.com/li/track:0
[ 1822478ms] [ERROR] Failed to load resource: net::ERR_TIMED_OUT @ https://www.linkedin.com/li/track:0
[ 1824705ms] [ERROR] Failed to load resource: net::ERR_TIMED_OUT @ https://www.linkedin.com/li/track:0
[ 1828820ms] [ERROR] Failed to load resource: net::ERR_TIMED_OUT @ https://www.linkedin.com/li/track:0
[ 1830693ms] [ERROR] Failed to load resource: net::ERR_TIMED_OUT @ https://www.linkedin.com/li/track:0
[ 1834385ms] [ERROR] Failed to load resource: net::ERR_TIMED_OUT @ https://www.linkedin.com/li/track:0
[ 1840439ms] [ERROR] Failed to load resource: net::ERR_TIMED_OUT @ https://www.linkedin.com/li/track:0
[ 1840606ms] [ERROR] Failed to load resource: net::ERR_TIMED_OUT @ https://www.linkedin.com/li/track:0
[ 1842677ms] [ERROR] Failed to load resource: net::ERR_TIMED_OUT @ https://www.linkedin.com/li/track:0
[ 1846798ms] [ERROR] Failed to load resource: net::ERR_TIMED_OUT @ https://www.linkedin.com/li/track:0
[ 1848673ms] [ERROR] Failed to load resource: net::ERR_TIMED_OUT @ https://www.linkedin.com/li/track:0
[ 1852351ms] [ERROR] Failed to load resource: net::ERR_TIMED_OUT @ https://www.linkedin.com/li/track:0
[ 1858411ms] [ERROR] Failed to load resource: net::ERR_TIMED_OUT @ https://www.linkedin.com/li/track:0
[ 1858580ms] [ERROR] Failed to load resource: net::ERR_TIMED_OUT @ https://www.linkedin.com/li/track:0
[ 1860654ms] [ERROR] Failed to load resource: net::ERR_TIMED_OUT @ https://www.linkedin.com/li/track:0
[ 1864776ms] [ERROR] Failed to load resource: net::ERR_TIMED_OUT @ https://www.linkedin.com/li/track:0
[ 1866644ms] [ERROR] Failed to load resource: net::ERR_TIMED_OUT @ https://www.linkedin.com/li/track:0
[ 1870329ms] [ERROR] Failed to load resource: net::ERR_TIMED_OUT @ https://www.linkedin.com/li/track:0
[ 1876372ms] [ERROR] Failed to load resource: net::ERR_TIMED_OUT @ https://www.linkedin.com/li/track:0
[ 1876555ms] [ERROR] Failed to load resource: net::ERR_TIMED_OUT @ https://www.linkedin.com/li/track:0
[ 1878632ms] [ERROR] Failed to load resource: net::ERR_TIMED_OUT @ https://www.linkedin.com/li/track:0
[ 1882746ms] [ERROR] Failed to load resource: net::ERR_TIMED_OUT @ https://www.linkedin.com/li/track:0
[ 1884621ms] [ERROR] Failed to load resource: net::ERR_TIMED_OUT @ https://www.linkedin.com/li/track:0
[ 1888306ms] [ERROR] Failed to load resource: net::ERR_TIMED_OUT @ https://www.linkedin.com/li/track:0
[ 1894353ms] [ERROR] Failed to load resource: net::ERR_TIMED_OUT @ https://www.linkedin.com/li/track:0
[ 1894535ms] [ERROR] Failed to load resource: net::ERR_TIMED_OUT @ https://www.linkedin.com/li/track:0
[ 1896618ms] [ERROR] Failed to load resource: net::ERR_TIMED_OUT @ https://www.linkedin.com/li/track:0
[ 1900725ms] [ERROR] Failed to load resource: net::ERR_TIMED_OUT @ https://www.linkedin.com/li/track:0
[ 1902603ms] [ERROR] Failed to load resource: net::ERR_TIMED_OUT @ https://www.linkedin.com/li/track:0
[ 1906280ms] [ERROR] Failed to load resource: net::ERR_TIMED_OUT @ https://www.linkedin.com/li/track:0
[ 1912333ms] [ERROR] Failed to load resource: net::ERR_TIMED_OUT @ https://www.linkedin.com/li/track:0
[ 1912515ms] [ERROR] Failed to load resource: net::ERR_TIMED_OUT @ https://www.linkedin.com/li/track:0
[ 1914591ms] [ERROR] Failed to load resource: net::ERR_TIMED_OUT @ https://www.linkedin.com/li/track:0
[ 1918698ms] [ERROR] Failed to load resource: net::ERR_TIMED_OUT @ https://www.linkedin.com/li/track:0
[ 1920579ms] [ERROR] Failed to load resource: net::ERR_TIMED_OUT @ https://www.linkedin.com/li/track:0
[ 1924256ms] [ERROR] Failed to load resource: net::ERR_TIMED_OUT @ https://www.linkedin.com/li/track:0
[ 1930310ms] [ERROR] Failed to load resource: net::ERR_TIMED_OUT @ https://www.linkedin.com/li/track:0
[ 1930493ms] [ERROR] Failed to load resource: net::ERR_TIMED_OUT @ https://www.linkedin.com/li/track:0
[ 1932571ms] [ERROR] Failed to load resource: net::ERR_TIMED_OUT @ https://www.linkedin.com/li/track:0
[ 1936677ms] [ERROR] Failed to load resource: net::ERR_TIMED_OUT @ https://www.linkedin.com/li/track:0
[ 1938554ms] [ERROR] Failed to load resource: net::ERR_TIMED_OUT @ https://www.linkedin.com/li/track:0
[ 1942234ms] [ERROR] Failed to load resource: net::ERR_TIMED_OUT @ https://www.linkedin.com/li/track:0
[ 1948284ms] [ERROR] Failed to load resource: net::ERR_TIMED_OUT @ https://www.linkedin.com/li/track:0
[ 1948470ms] [ERROR] Failed to load resource: net::ERR_TIMED_OUT @ https://www.linkedin.com/li/track:0
[ 1950549ms] [ERROR] Failed to load resource: net::ERR_TIMED_OUT @ https://www.linkedin.com/li/track:0
[ 1954650ms] [ERROR] Failed to load resource: net::ERR_TIMED_OUT @ https://www.linkedin.com/li/track:0
[ 1956526ms] [ERROR] Failed to load resource: net::ERR_TIMED_OUT @ https://www.linkedin.com/li/track:0
[ 1960211ms] [ERROR] Failed to load resource: net::ERR_TIMED_OUT @ https://www.linkedin.com/li/track:0
[ 1966254ms] [ERROR] Failed to load resource: net::ERR_TIMED_OUT @ https://www.linkedin.com/li/track:0
[ 1966448ms] [ERROR] Failed to load resource: net::ERR_TIMED_OUT @ https://www.linkedin.com/li/track:0
[ 1968521ms] [ERROR] Failed to load resource: net::ERR_TIMED_OUT @ https://www.linkedin.com/li/track:0
[ 1972620ms] [ERROR] Failed to load resource: net::ERR_TIMED_OUT @ https://www.linkedin.com/li/track:0
[ 1974507ms] [ERROR] Failed to load resource: net::ERR_TIMED_OUT @ https://www.linkedin.com/li/track:0
[ 1978179ms] [ERROR] Failed to load resource: net::ERR_TIMED_OUT @ https://www.linkedin.com/li/track:0
[ 1984231ms] [ERROR] Failed to load resource: net::ERR_TIMED_OUT @ https://www.linkedin.com/li/track:0
[ 1984421ms] [ERROR] Failed to load resource: net::ERR_TIMED_OUT @ https://www.linkedin.com/li/track:0
[ 1986494ms] [ERROR] Failed to load resource: net::ERR_TIMED_OUT @ https://www.linkedin.com/li/track:0
[ 1990593ms] [ERROR] Failed to load resource: net::ERR_TIMED_OUT @ https://www.linkedin.com/li/track:0
[ 1992490ms] [ERROR] Failed to load resource: net::ERR_TIMED_OUT @ https://www.linkedin.com/li/track:0
[ 1996148ms] [ERROR] Failed to load resource: net::ERR_TIMED_OUT @ https://www.linkedin.com/li/track:0
[ 2002391ms] [ERROR] Failed to load resource: net::ERR_TIMED_OUT @ https://www.linkedin.com/li/track:0
[ 2002560ms] [ERROR] Failed to load resource: net::ERR_TIMED_OUT @ https://www.linkedin.com/li/track:0
[ 2004470ms] [ERROR] Failed to load resource: net::ERR_TIMED_OUT @ https://www.linkedin.com/li/track:0
[ 2008572ms] [ERROR] Failed to load resource: net::ERR_TIMED_OUT @ https://www.linkedin.com/li/track:0
[ 2010466ms] [ERROR] Failed to load resource: net::ERR_TIMED_OUT @ https://www.linkedin.com/li/track:0
[ 2014119ms] [ERROR] Failed to load resource: net::ERR_TIMED_OUT @ https://www.linkedin.com/li/track:0
[ 2020367ms] [ERROR] Failed to load resource: net::ERR_TIMED_OUT @ https://www.linkedin.com/li/track:0
[ 2020531ms] [ERROR] Failed to load resource: net::ERR_TIMED_OUT @ https://www.linkedin.com/li/track:0
[ 2022442ms] [ERROR] Failed to load resource: net::ERR_TIMED_OUT @ https://www.linkedin.com/li/track:0
[ 2026549ms] [ERROR] Failed to load resource: net::ERR_TIMED_OUT @ https://www.linkedin.com/li/track:0
[ 2028441ms] [ERROR] Failed to load resource: net::ERR_TIMED_OUT @ https://www.linkedin.com/li/track:0
[ 2032094ms] [ERROR] Failed to load resource: net::ERR_TIMED_OUT @ https://www.linkedin.com/li/track:0
[ 2038336ms] [ERROR] Failed to load resource: net::ERR_TIMED_OUT @ https://www.linkedin.com/li/track:0
[ 2038508ms] [ERROR] Failed to load resource: net::ERR_TIMED_OUT @ https://www.linkedin.com/li/track:0
[ 2040417ms] [ERROR] Failed to load resource: net::ERR_TIMED_OUT @ https://www.linkedin.com/li/track:0
[ 2044527ms] [ERROR] Failed to load resource: net::ERR_TIMED_OUT @ https://www.linkedin.com/li/track:0
[ 2046412ms] [ERROR] Failed to load resource: net::ERR_TIMED_OUT @ https://www.linkedin.com/li/track:0
[ 2050074ms] [ERROR] Failed to load resource: net::ERR_TIMED_OUT @ https://www.linkedin.com/li/track:0
[ 2056313ms] [ERROR] Failed to load resource: net::ERR_TIMED_OUT @ https://www.linkedin.com/li/track:0
[ 2056484ms] [ERROR] Failed to load resource: net::ERR_TIMED_OUT @ https://www.linkedin.com/li/track:0
[ 2058393ms] [ERROR] Failed to load resource: net::ERR_TIMED_OUT @ https://www.linkedin.com/li/track:0
[ 2062498ms] [ERROR] Failed to load resource: net::ERR_TIMED_OUT @ https://www.linkedin.com/li/track:0
[ 2064383ms] [ERROR] Failed to load resource: net::ERR_TIMED_OUT @ https://www.linkedin.com/li/track:0
[ 2068041ms] [ERROR] Failed to load resource: net::ERR_TIMED_OUT @ https://www.linkedin.com/li/track:0
[ 2074283ms] [ERROR] Failed to load resource: net::ERR_TIMED_OUT @ https://www.linkedin.com/li/track:0
[ 2074454ms] [ERROR] Failed to load resource: net::ERR_TIMED_OUT @ https://www.linkedin.com/li/track:0
[ 2076365ms] [ERROR] Failed to load resource: net::ERR_TIMED_OUT @ https://www.linkedin.com/li/track:0
[ 2080488ms] [ERROR] Failed to load resource: net::ERR_TIMED_OUT @ https://www.linkedin.com/li/track:0
[ 2082359ms] [ERROR] Failed to load resource: net::ERR_TIMED_OUT @ https://www.linkedin.com/li/track:0
[ 2086018ms] [ERROR] Failed to load resource: net::ERR_TIMED_OUT @ https://www.linkedin.com/li/track:0
[ 2092260ms] [ERROR] Failed to load resource: net::ERR_TIMED_OUT @ https://www.linkedin.com/li/track:0
[ 2092430ms] [ERROR] Failed to load resource: net::ERR_TIMED_OUT @ https://www.linkedin.com/li/track:0
[ 2094338ms] [ERROR] Failed to load resource: net::ERR_TIMED_OUT @ https://www.linkedin.com/li/track:0
[ 2098464ms] [ERROR] Failed to load resource: net::ERR_TIMED_OUT @ https://www.linkedin.com/li/track:0
[ 2100332ms] [ERROR] Failed to load resource: net::ERR_TIMED_OUT @ https://www.linkedin.com/li/track:0
[ 2103995ms] [ERROR] Failed to load resource: net::ERR_TIMED_OUT @ https://www.linkedin.com/li/track:0
[ 2110235ms] [ERROR] Failed to load resource: net::ERR_TIMED_OUT @ https://www.linkedin.com/li/track:0
[ 2110405ms] [ERROR] Failed to load resource: net::ERR_TIMED_OUT @ https://www.linkedin.com/li/track:0
[ 2112321ms] [ERROR] Failed to load resource: net::ERR_TIMED_OUT @ https://www.linkedin.com/li/track:0
[ 2116498ms] [ERROR] Failed to load resource: net::ERR_TIMED_OUT @ https://www.linkedin.com/li/track:0
[ 2118300ms] [ERROR] Failed to load resource: net::ERR_TIMED_OUT @ https://www.linkedin.com/li/track:0
[ 2121969ms] [ERROR] Failed to load resource: net::ERR_TIMED_OUT @ https://www.linkedin.com/li/track:0
[ 2128203ms] [ERROR] Failed to load resource: net::ERR_TIMED_OUT @ https://www.linkedin.com/li/track:0
[ 2128380ms] [ERROR] Failed to load resource: net::ERR_TIMED_OUT @ https://www.linkedin.com/li/track:0
[ 2130300ms] [ERROR] Failed to load resource: net::ERR_TIMED_OUT @ https://www.linkedin.com/li/track:0
[ 2134488ms] [ERROR] Failed to load resource: net::ERR_TIMED_OUT @ https://www.linkedin.com/li/track:0
[ 2136269ms] [ERROR] Failed to load resource: net::ERR_TIMED_OUT @ https://www.linkedin.com/li/track:0
[ 2139946ms] [ERROR] Failed to load resource: net::ERR_TIMED_OUT @ https://www.linkedin.com/li/track:0
[ 2146175ms] [ERROR] Failed to load resource: net::ERR_TIMED_OUT @ https://www.linkedin.com/li/track:0
[ 2146353ms] [ERROR] Failed to load resource: net::ERR_TIMED_OUT @ https://www.linkedin.com/li/track:0
[ 2148280ms] [ERROR] Failed to load resource: net::ERR_TIMED_OUT @ https://www.linkedin.com/li/track:0
[ 2152467ms] [ERROR] Failed to load resource: net::ERR_TIMED_OUT @ https://www.linkedin.com/li/track:0
[ 2154258ms] [ERROR] Failed to load resource: net::ERR_TIMED_OUT @ https://www.linkedin.com/li/track:0
[ 2157923ms] [ERROR] Failed to load resource: net::ERR_TIMED_OUT @ https://www.linkedin.com/li/track:0
[ 2164150ms] [ERROR] Failed to load resource: net::ERR_TIMED_OUT @ https://www.linkedin.com/li/track:0
[ 2164331ms] [ERROR] Failed to load resource: net::ERR_TIMED_OUT @ https://www.linkedin.com/li/track:0
[ 2166270ms] [ERROR] Failed to load resource: net::ERR_TIMED_OUT @ https://www.linkedin.com/li/track:0
[ 2170444ms] [ERROR] Failed to load resource: net::ERR_TIMED_OUT @ https://www.linkedin.com/li/track:0
[ 2172235ms] [ERROR] Failed to load resource: net::ERR_TIMED_OUT @ https://www.linkedin.com/li/track:0
[ 2175897ms] [ERROR] Failed to load resource: net::ERR_TIMED_OUT @ https://www.linkedin.com/li/track:0
[ 2182129ms] [ERROR] Failed to load resource: net::ERR_TIMED_OUT @ https://www.linkedin.com/li/track:0
[ 2182307ms] [ERROR] Failed to load resource: net::ERR_TIMED_OUT @ https://www.linkedin.com/li/track:0
[ 2184249ms] [ERROR] Failed to load resource: net::ERR_TIMED_OUT @ https://www.linkedin.com/li/track:0
[ 2188425ms] [ERROR] Failed to load resource: net::ERR_TIMED_OUT @ https://www.linkedin.com/li/track:0
[ 2190205ms] [ERROR] Failed to load resource: net::ERR_TIMED_OUT @ https://www.linkedin.com/li/track:0
[ 2193878ms] [ERROR] Failed to load resource: net::ERR_TIMED_OUT @ https://www.linkedin.com/li/track:0
[ 2200114ms] [ERROR] Failed to load resource: net::ERR_TIMED_OUT @ https://www.linkedin.com/li/track:0
[ 2200283ms] [ERROR] Failed to load resource: net::ERR_TIMED_OUT @ https://www.linkedin.com/li/track:0
[ 2202226ms] [ERROR] Failed to load resource: net::ERR_TIMED_OUT @ https://www.linkedin.com/li/track:0
[ 2206396ms] [ERROR] Failed to load resource: net::ERR_TIMED_OUT @ https://www.linkedin.com/li/track:0
[ 2208180ms] [ERROR] Failed to load resource: net::ERR_TIMED_OUT @ https://www.linkedin.com/li/track:0
[ 2211852ms] [ERROR] Failed to load resource: net::ERR_TIMED_OUT @ https://www.linkedin.com/li/track:0
[ 2218095ms] [ERROR] Failed to load resource: net::ERR_TIMED_OUT @ https://www.linkedin.com/li/track:0
[ 2218259ms] [ERROR] Failed to load resource: net::ERR_TIMED_OUT @ https://www.linkedin.com/li/track:0
[ 2220204ms] [ERROR] Failed to load resource: net::ERR_TIMED_OUT @ https://www.linkedin.com/li/track:0
[ 2224370ms] [ERROR] Failed to load resource: net::ERR_TIMED_OUT @ https://www.linkedin.com/li/track:0
[ 2226154ms] [ERROR] Failed to load resource: net::ERR_TIMED_OUT @ https://www.linkedin.com/li/track:0
[ 2229845ms] [ERROR] Failed to load resource: net::ERR_TIMED_OUT @ https://www.linkedin.com/li/track:0
[ 2236077ms] [ERROR] Failed to load resource: net::ERR_TIMED_OUT @ https://www.linkedin.com/li/track:0
[ 2236587ms] [ERROR] Failed to load resource: net::ERR_TIMED_OUT @ https://www.linkedin.com/li/track:0
[ 2238188ms] [ERROR] Failed to load resource: net::ERR_TIMED_OUT @ https://www.linkedin.com/li/track:0
[ 2242346ms] [ERROR] Failed to load resource: net::ERR_TIMED_OUT @ https://www.linkedin.com/li/track:0
[ 2244126ms] [ERROR] Failed to load resource: net::ERR_TIMED_OUT @ https://www.linkedin.com/li/track:0
[ 2247827ms] [ERROR] Failed to load resource: net::ERR_TIMED_OUT @ https://www.linkedin.com/li/track:0
[ 2254060ms] [ERROR] Failed to load resource: net::ERR_TIMED_OUT @ https://www.linkedin.com/li/track:0
[ 2254561ms] [ERROR] Failed to load resource: net::ERR_TIMED_OUT @ https://www.linkedin.com/li/track:0
[ 2256164ms] [ERROR] Failed to load resource: net::ERR_TIMED_OUT @ https://www.linkedin.com/li/track:0
[ 2260324ms] [ERROR] Failed to load resource: net::ERR_TIMED_OUT @ https://www.linkedin.com/li/track:0
[ 2262104ms] [ERROR] Failed to load resource: net::ERR_TIMED_OUT @ https://www.linkedin.com/li/track:0
[ 2265799ms] [ERROR] Failed to load resource: net::ERR_TIMED_OUT @ https://www.linkedin.com/li/track:0
[ 2272041ms] [ERROR] Failed to load resource: net::ERR_TIMED_OUT @ https://www.linkedin.com/li/track:0
[ 2272534ms] [ERROR] Failed to load resource: net::ERR_TIMED_OUT @ https://www.linkedin.com/li/track:0
[ 2274141ms] [ERROR] Failed to load resource: net::ERR_TIMED_OUT @ https://www.linkedin.com/li/track:0
[ 2278302ms] [ERROR] Failed to load resource: net::ERR_TIMED_OUT @ https://www.linkedin.com/li/track:0
[ 2280084ms] [ERROR] Failed to load resource: net::ERR_TIMED_OUT @ https://www.linkedin.com/li/track:0
[ 2283774ms] [ERROR] Failed to load resource: net::ERR_TIMED_OUT @ https://www.linkedin.com/li/track:0
[ 2290014ms] [ERROR] Failed to load resource: net::ERR_TIMED_OUT @ https://www.linkedin.com/li/track:0
[ 2290507ms] [ERROR] Failed to load resource: net::ERR_TIMED_OUT @ https://www.linkedin.com/li/track:0
[ 2292125ms] [ERROR] Failed to load resource: net::ERR_TIMED_OUT @ https://www.linkedin.com/li/track:0
[ 2296277ms] [ERROR] Failed to load resource: net::ERR_TIMED_OUT @ https://www.linkedin.com/li/track:0
[ 2298062ms] [ERROR] Failed to load resource: net::ERR_TIMED_OUT @ https://www.linkedin.com/li/track:0
[ 2301758ms] [ERROR] Failed to load resource: net::ERR_TIMED_OUT @ https://www.linkedin.com/li/track:0
[ 2307989ms] [ERROR] Failed to load resource: net::ERR_TIMED_OUT @ https://www.linkedin.com/li/track:0
[ 2308487ms] [ERROR] Failed to load resource: net::ERR_TIMED_OUT @ https://www.linkedin.com/li/track:0
[ 2310109ms] [ERROR] Failed to load resource: net::ERR_TIMED_OUT @ https://www.linkedin.com/li/track:0
[ 2314256ms] [ERROR] Failed to load resource: net::ERR_TIMED_OUT @ https://www.linkedin.com/li/track:0
[ 2316041ms] [ERROR] Failed to load resource: net::ERR_TIMED_OUT @ https://www.linkedin.com/li/track:0
[ 2319735ms] [ERROR] Failed to load resource: net::ERR_TIMED_OUT @ https://www.linkedin.com/li/track:0
[ 2325961ms] [ERROR] Failed to load resource: net::ERR_TIMED_OUT @ https://www.linkedin.com/li/track:0
[ 2326454ms] [ERROR] Failed to load resource: net::ERR_TIMED_OUT @ https://www.linkedin.com/li/track:0
[ 2328081ms] [ERROR] Failed to load resource: net::ERR_TIMED_OUT @ https://www.linkedin.com/li/track:0
[ 2332227ms] [ERROR] Failed to load resource: net::ERR_TIMED_OUT @ https://www.linkedin.com/li/track:0
[ 2334020ms] [ERROR] Failed to load resource: net::ERR_TIMED_OUT @ https://www.linkedin.com/li/track:0
[ 2337708ms] [ERROR] Failed to load resource: net::ERR_TIMED_OUT @ https://www.linkedin.com/li/track:0
[ 2343940ms] [ERROR] Failed to load resource: net::ERR_TIMED_OUT @ https://www.linkedin.com/li/track:0
[ 2344434ms] [ERROR] Failed to load resource: net::ERR_TIMED_OUT @ https://www.linkedin.com/li/track:0
[ 2346052ms] [ERROR] Failed to load resource: net::ERR_TIMED_OUT @ https://www.linkedin.com/li/track:0
[ 2350202ms] [ERROR] Failed to load resource: net::ERR_TIMED_OUT @ https://www.linkedin.com/li/track:0
[ 2351997ms] [ERROR] Failed to load resource: net::ERR_TIMED_OUT @ https://www.linkedin.com/li/track:0
[ 2355684ms] [ERROR] Failed to load resource: net::ERR_TIMED_OUT @ https://www.linkedin.com/li/track:0
[ 2361911ms] [ERROR] Failed to load resource: net::ERR_TIMED_OUT @ https://www.linkedin.com/li/track:0
[ 2362408ms] [ERROR] Failed to load resource: net::ERR_TIMED_OUT @ https://www.linkedin.com/li/track:0
[ 2364024ms] [ERROR] Failed to load resource: net::ERR_TIMED_OUT @ https://www.linkedin.com/li/track:0
[ 2368171ms] [ERROR] Failed to load resource: net::ERR_TIMED_OUT @ https://www.linkedin.com/li/track:0
[ 2369972ms] [ERROR] Failed to load resource: net::ERR_TIMED_OUT @ https://www.linkedin.com/li/track:0
[ 2373661ms] [ERROR] Failed to load resource: net::ERR_TIMED_OUT @ https://www.linkedin.com/li/track:0
[ 2379891ms] [ERROR] Failed to load resource: net::ERR_TIMED_OUT @ https://www.linkedin.com/li/track:0
[ 2380387ms] [ERROR] Failed to load resource: net::ERR_TIMED_OUT @ https://www.linkedin.com/li/track:0
[ 2382005ms] [ERROR] Failed to load resource: net::ERR_TIMED_OUT @ https://www.linkedin.com/li/track:0
[ 2386145ms] [ERROR] Failed to load resource: net::ERR_TIMED_OUT @ https://www.linkedin.com/li/track:0
[ 2387944ms] [ERROR] Failed to load resource: net::ERR_TIMED_OUT @ https://www.linkedin.com/li/track:0
[ 2392131ms] [ERROR] Failed to load resource: net::ERR_TIMED_OUT @ https://www.linkedin.com/li/track:0
[ 2397854ms] [ERROR] Failed to load resource: net::ERR_TIMED_OUT @ https://www.linkedin.com/li/track:0
[ 2398360ms] [ERROR] Failed to load resource: net::ERR_TIMED_OUT @ https://www.linkedin.com/li/track:0
[ 2399979ms] [ERROR] Failed to load resource: net::ERR_TIMED_OUT @ https://www.linkedin.com/li/track:0
[ 2404107ms] [ERROR] Failed to load resource: net::ERR_TIMED_OUT @ https://www.linkedin.com/li/track:0
[ 2405924ms] [ERROR] Failed to load resource: net::ERR_TIMED_OUT @ https://www.linkedin.com/li/track:0
[ 2410112ms] [ERROR] Failed to load resource: net::ERR_TIMED_OUT @ https://www.linkedin.com/li/track:0
[ 2415828ms] [ERROR] Failed to load resource: net::ERR_TIMED_OUT @ https://www.linkedin.com/li/track:0
[ 2416335ms] [ERROR] Failed to load resource: net::ERR_TIMED_OUT @ https://www.linkedin.com/li/track:0
[ 2417951ms] [ERROR] Failed to load resource: net::ERR_TIMED_OUT @ https://www.linkedin.com/li/track:0
[ 2422082ms] [ERROR] Failed to load resource: net::ERR_TIMED_OUT @ https://www.linkedin.com/li/track:0
[ 2423904ms] [ERROR] Failed to load resource: net::ERR_TIMED_OUT @ https://www.linkedin.com/li/track:0
[ 2428086ms] [ERROR] Failed to load resource: net::ERR_TIMED_OUT @ https://www.linkedin.com/li/track:0
[ 2433804ms] [ERROR] Failed to load resource: net::ERR_TIMED_OUT @ https://www.linkedin.com/li/track:0
[ 2435658ms] [ERROR] Failed to load resource: net::ERR_TIMED_OUT @ https://www.linkedin.com/li/track:0
[ 2436741ms] [ERROR] Failed to load resource: net::ERR_TIMED_OUT @ https://www.linkedin.com/li/track:0
[ 2440067ms] [ERROR] Failed to load resource: net::ERR_TIMED_OUT @ https://www.linkedin.com/li/track:0
[ 2441878ms] [ERROR] Failed to load resource: net::ERR_TIMED_OUT @ https://www.linkedin.com/li/track:0
[ 2446678ms] [ERROR] Failed to load resource: net::ERR_TIMED_OUT @ https://www.linkedin.com/li/track:0
[ 2451776ms] [ERROR] Failed to load resource: net::ERR_TIMED_OUT @ https://www.linkedin.com/li/track:0
[ 2453635ms] [ERROR] Failed to load resource: net::ERR_TIMED_OUT @ https://www.linkedin.com/li/track:0
[ 2454717ms] [ERROR] Failed to load resource: net::ERR_TIMED_OUT @ https://www.linkedin.com/li/track:0
[ 2458040ms] [ERROR] Failed to load resource: net::ERR_TIMED_OUT @ https://www.linkedin.com/li/track:0
[ 2459858ms] [ERROR] Failed to load resource: net::ERR_TIMED_OUT @ https://www.linkedin.com/li/track:0
[ 2464640ms] [ERROR] Failed to load resource: net::ERR_TIMED_OUT @ https://www.linkedin.com/li/track:0
[ 2469952ms] [ERROR] Failed to load resource: net::ERR_TIMED_OUT @ https://www.linkedin.com/li/track:0
[ 2471604ms] [ERROR] Failed to load resource: net::ERR_TIMED_OUT @ https://www.linkedin.com/li/track:0
[ 2472696ms] [ERROR] Failed to load resource: net::ERR_TIMED_OUT @ https://www.linkedin.com/li/track:0
[ 2476018ms] [ERROR] Failed to load resource: net::ERR_TIMED_OUT @ https://www.linkedin.com/li/track:0
[ 2477824ms] [ERROR] Failed to load resource: net::ERR_TIMED_OUT @ https://www.linkedin.com/li/track:0
[ 2482616ms] [ERROR] Failed to load resource: net::ERR_TIMED_OUT @ https://www.linkedin.com/li/track:0
[ 2487929ms] [ERROR] Failed to load resource: net::ERR_TIMED_OUT @ https://www.linkedin.com/li/track:0
[ 2489577ms] [ERROR] Failed to load resource: net::ERR_TIMED_OUT @ https://www.linkedin.com/li/track:0
[ 2491013ms] [ERROR] Failed to load resource: net::ERR_TIMED_OUT @ https://www.linkedin.com/li/track:0
[ 2494002ms] [ERROR] Failed to load resource: net::ERR_TIMED_OUT @ https://www.linkedin.com/li/track:0
[ 2495804ms] [ERROR] Failed to load resource: net::ERR_TIMED_OUT @ https://www.linkedin.com/li/track:0
[ 2500577ms] [ERROR] Failed to load resource: net::ERR_TIMED_OUT @ https://www.linkedin.com/li/track:0
[ 2505893ms] [ERROR] Failed to load resource: net::ERR_TIMED_OUT @ https://www.linkedin.com/li/track:0
[ 2507554ms] [ERROR] Failed to load resource: net::ERR_TIMED_OUT @ https://www.linkedin.com/li/track:0
[ 2508997ms] [ERROR] Failed to load resource: net::ERR_TIMED_OUT @ https://www.linkedin.com/li/track:0
[ 2511982ms] [ERROR] Failed to load resource: net::ERR_TIMED_OUT @ https://www.linkedin.com/li/track:0
[ 2513782ms] [ERROR] Failed to load resource: net::ERR_TIMED_OUT @ https://www.linkedin.com/li/track:0
[ 2518554ms] [ERROR] Failed to load resource: net::ERR_TIMED_OUT @ https://www.linkedin.com/li/track:0
[ 2523869ms] [ERROR] Failed to load resource: net::ERR_TIMED_OUT @ https://www.linkedin.com/li/track:0
[ 2525523ms] [ERROR] Failed to load resource: net::ERR_TIMED_OUT @ https://www.linkedin.com/li/track:0
[ 2526970ms] [ERROR] Failed to load resource: net::ERR_TIMED_OUT @ https://www.linkedin.com/li/track:0
[ 2529953ms] [ERROR] Failed to load resource: net::ERR_TIMED_OUT @ https://www.linkedin.com/li/track:0
[ 2531756ms] [ERROR] Failed to load resource: net::ERR_TIMED_OUT @ https://www.linkedin.com/li/track:0
[ 2536526ms] [ERROR] Failed to load resource: net::ERR_TIMED_OUT @ https://www.linkedin.com/li/track:0
[ 2541843ms] [ERROR] Failed to load resource: net::ERR_TIMED_OUT @ https://www.linkedin.com/li/track:0
[ 2543497ms] [ERROR] Failed to load resource: net::ERR_TIMED_OUT @ https://www.linkedin.com/li/track:0
[ 2545053ms] [ERROR] Failed to load resource: net::ERR_TIMED_OUT @ https://www.linkedin.com/li/track:0
[ 2547929ms] [ERROR] Failed to load resource: net::ERR_TIMED_OUT @ https://www.linkedin.com/li/track:0
[ 2549728ms] [ERROR] Failed to load resource: net::ERR_TIMED_OUT @ https://www.linkedin.com/li/track:0
[ 2554507ms] [ERROR] Failed to load resource: net::ERR_TIMED_OUT @ https://www.linkedin.com/li/track:0
[ 2559816ms] [ERROR] Failed to load resource: net::ERR_TIMED_OUT @ https://www.linkedin.com/li/track:0
[ 2561487ms] [ERROR] Failed to load resource: net::ERR_TIMED_OUT @ https://www.linkedin.com/li/track:0
[ 2563026ms] [ERROR] Failed to load resource: net::ERR_TIMED_OUT @ https://www.linkedin.com/li/track:0
[ 2565902ms] [ERROR] Failed to load resource: net::ERR_TIMED_OUT @ https://www.linkedin.com/li/track:0
[ 2567704ms] [ERROR] Failed to load resource: net::ERR_TIMED_OUT @ https://www.linkedin.com/li/track:0
[ 2572485ms] [ERROR] Failed to load resource: net::ERR_TIMED_OUT @ https://www.linkedin.com/li/track:0
[ 2577793ms] [ERROR] Failed to load resource: net::ERR_TIMED_OUT @ https://www.linkedin.com/li/track:0
[ 2579460ms] [ERROR] Failed to load resource: net::ERR_TIMED_OUT @ https://www.linkedin.com/li/track:0
[ 2580997ms] [ERROR] Failed to load resource: net::ERR_TIMED_OUT @ https://www.linkedin.com/li/track:0
[ 2583877ms] [ERROR] Failed to load resource: net::ERR_TIMED_OUT @ https://www.linkedin.com/li/track:0
[ 2585672ms] [ERROR] Failed to load resource: net::ERR_TIMED_OUT @ https://www.linkedin.com/li/track:0
[ 2590466ms] [ERROR] Failed to load resource: net::ERR_TIMED_OUT @ https://www.linkedin.com/li/track:0
[ 2595765ms] [ERROR] Failed to load resource: net::ERR_TIMED_OUT @ https://www.linkedin.com/li/track:0
[ 2597436ms] [ERROR] Failed to load resource: net::ERR_TIMED_OUT @ https://www.linkedin.com/li/track:0
[ 2598966ms] [ERROR] Failed to load resource: net::ERR_TIMED_OUT @ https://www.linkedin.com/li/track:0
[ 2601851ms] [ERROR] Failed to load resource: net::ERR_TIMED_OUT @ https://www.linkedin.com/li/track:0
[ 2603650ms] [ERROR] Failed to load resource: net::ERR_TIMED_OUT @ https://www.linkedin.com/li/track:0
[ 2608441ms] [ERROR] Failed to load resource: net::ERR_TIMED_OUT @ https://www.linkedin.com/li/track:0
[ 2613744ms] [ERROR] Failed to load resource: net::ERR_TIMED_OUT @ https://www.linkedin.com/li/track:0
[ 2615404ms] [ERROR] Failed to load resource: net::ERR_TIMED_OUT @ https://www.linkedin.com/li/track:0
[ 2616937ms] [ERROR] Failed to load resource: net::ERR_TIMED_OUT @ https://www.linkedin.com/li/track:0
[ 2619819ms] [ERROR] Failed to load resource: net::ERR_TIMED_OUT @ https://www.linkedin.com/li/track:0
[ 2621620ms] [ERROR] Failed to load resource: net::ERR_TIMED_OUT @ https://www.linkedin.com/li/track:0
[ 2626402ms] [ERROR] Failed to load resource: net::ERR_TIMED_OUT @ https://www.linkedin.com/li/track:0
[ 2631710ms] [ERROR] Failed to load resource: net::ERR_TIMED_OUT @ https://www.linkedin.com/li/track:0
[ 2633373ms] [ERROR] Failed to load resource: net::ERR_TIMED_OUT @ https://www.linkedin.com/li/track:0
[ 2634901ms] [ERROR] Failed to load resource: net::ERR_TIMED_OUT @ https://www.linkedin.com/li/track:0
[ 2637787ms] [ERROR] Failed to load resource: net::ERR_TIMED_OUT @ https://www.linkedin.com/li/track:0
[ 2639592ms] [ERROR] Failed to load resource: net::ERR_TIMED_OUT @ https://www.linkedin.com/li/track:0
[ 2644375ms] [ERROR] Failed to load resource: net::ERR_TIMED_OUT @ https://www.linkedin.com/li/track:0
[ 2649687ms] [ERROR] Failed to load resource: net::ERR_TIMED_OUT @ https://www.linkedin.com/li/track:0
[ 2651350ms] [ERROR] Failed to load resource: net::ERR_TIMED_OUT @ https://www.linkedin.com/li/track:0
[ 2652880ms] [ERROR] Failed to load resource: net::ERR_TIMED_OUT @ https://www.linkedin.com/li/track:0
[ 2655765ms] [ERROR] Failed to load resource: net::ERR_TIMED_OUT @ https://www.linkedin.com/li/track:0
[ 2657568ms] [ERROR] Failed to load resource: net::ERR_TIMED_OUT @ https://www.linkedin.com/li/track:0
[ 2662345ms] [ERROR] Failed to load resource: net::ERR_TIMED_OUT @ https://www.linkedin.com/li/track:0
[ 2667666ms] [ERROR] Failed to load resource: net::ERR_TIMED_OUT @ https://www.linkedin.com/li/track:0
[ 2669329ms] [ERROR] Failed to load resource: net::ERR_TIMED_OUT @ https://www.linkedin.com/li/track:0
[ 2671057ms] [ERROR] Failed to load resource: net::ERR_TIMED_OUT @ https://www.linkedin.com/li/track:0
[ 2673744ms] [ERROR] Failed to load resource: net::ERR_TIMED_OUT @ https://www.linkedin.com/li/track:0
[ 2675541ms] [ERROR] Failed to load resource: net::ERR_TIMED_OUT @ https://www.linkedin.com/li/track:0
[ 2680318ms] [ERROR] Failed to load resource: net::ERR_TIMED_OUT @ https://www.linkedin.com/li/track:0
[ 2685636ms] [ERROR] Failed to load resource: net::ERR_TIMED_OUT @ https://www.linkedin.com/li/track:0
[ 2687311ms] [ERROR] Failed to load resource: net::ERR_TIMED_OUT @ https://www.linkedin.com/li/track:0
[ 2689030ms] [ERROR] Failed to load resource: net::ERR_TIMED_OUT @ https://www.linkedin.com/li/track:0
[ 2691722ms] [ERROR] Failed to load resource: net::ERR_TIMED_OUT @ https://www.linkedin.com/li/track:0
[ 2693520ms] [ERROR] Failed to load resource: net::ERR_TIMED_OUT @ https://www.linkedin.com/li/track:0
[ 2698300ms] [ERROR] Failed to load resource: net::ERR_TIMED_OUT @ https://www.linkedin.com/li/track:0
[ 2703610ms] [ERROR] Failed to load resource: net::ERR_TIMED_OUT @ https://www.linkedin.com/li/track:0
[ 2705289ms] [ERROR] Failed to load resource: net::ERR_TIMED_OUT @ https://www.linkedin.com/li/track:0
[ 2706996ms] [ERROR] Failed to load resource: net::ERR_TIMED_OUT @ https://www.linkedin.com/li/track:0
[ 2709696ms] [ERROR] Failed to load resource: net::ERR_TIMED_OUT @ https://www.linkedin.com/li/track:0
[ 2711494ms] [ERROR] Failed to load resource: net::ERR_TIMED_OUT @ https://www.linkedin.com/li/track:0
[ 2716275ms] [ERROR] Failed to load resource: net::ERR_TIMED_OUT @ https://www.linkedin.com/li/track:0
[ 2721586ms] [ERROR] Failed to load resource: net::ERR_TIMED_OUT @ https://www.linkedin.com/li/track:0
[ 2723259ms] [ERROR] Failed to load resource: net::ERR_TIMED_OUT @ https://www.linkedin.com/li/track:0
[ 2724971ms] [ERROR] Failed to load resource: net::ERR_TIMED_OUT @ https://www.linkedin.com/li/track:0
[ 2727676ms] [ERROR] Failed to load resource: net::ERR_TIMED_OUT @ https://www.linkedin.com/li/track:0
[ 2729467ms] [ERROR] Failed to load resource: net::ERR_TIMED_OUT @ https://www.linkedin.com/li/track:0
[ 2734255ms] [ERROR] Failed to load resource: net::ERR_TIMED_OUT @ https://www.linkedin.com/li/track:0
[ 2739563ms] [ERROR] Failed to load resource: net::ERR_TIMED_OUT @ https://www.linkedin.com/li/track:0
[ 2741237ms] [ERROR] Failed to load resource: net::ERR_TIMED_OUT @ https://www.linkedin.com/li/track:0
[ 2742947ms] [ERROR] Failed to load resource: net::ERR_TIMED_OUT @ https://www.linkedin.com/li/track:0
[ 2745651ms] [ERROR] Failed to load resource: net::ERR_TIMED_OUT @ https://www.linkedin.com/li/track:0
[ 2747437ms] [ERROR] Failed to load resource: net::ERR_TIMED_OUT @ https://www.linkedin.com/li/track:0
[ 2752225ms] [ERROR] Failed to load resource: net::ERR_TIMED_OUT @ https://www.linkedin.com/li/track:0
[ 2757538ms] [ERROR] Failed to load resource: net::ERR_TIMED_OUT @ https://www.linkedin.com/li/track:0
[ 2759216ms] [ERROR] Failed to load resource: net::ERR_TIMED_OUT @ https://www.linkedin.com/li/track:0
[ 2760914ms] [ERROR] Failed to load resource: net::ERR_TIMED_OUT @ https://www.linkedin.com/li/track:0
[ 2763641ms] [ERROR] Failed to load resource: net::ERR_TIMED_OUT @ https://www.linkedin.com/li/track:0
[ 2765409ms] [ERROR] Failed to load resource: net::ERR_TIMED_OUT @ https://www.linkedin.com/li/track:0
[ 2770203ms] [ERROR] Failed to load resource: net::ERR_TIMED_OUT @ https://www.linkedin.com/li/track:0
[ 2775521ms] [ERROR] Failed to load resource: net::ERR_TIMED_OUT @ https://www.linkedin.com/li/track:0
[ 2777189ms] [ERROR] Failed to load resource: net::ERR_TIMED_OUT @ https://www.linkedin.com/li/track:0
[ 2778896ms] [ERROR] Failed to load resource: net::ERR_TIMED_OUT @ https://www.linkedin.com/li/track:0
[ 2781617ms] [ERROR] Failed to load resource: net::ERR_TIMED_OUT @ https://www.linkedin.com/li/track:0
[ 2783384ms] [ERROR] Failed to load resource: net::ERR_TIMED_OUT @ https://www.linkedin.com/li/track:0
[ 2788178ms] [ERROR] Failed to load resource: net::ERR_TIMED_OUT @ https://www.linkedin.com/li/track:0
[ 2793490ms] [ERROR] Failed to load resource: net::ERR_TIMED_OUT @ https://www.linkedin.com/li/track:0
[ 2795159ms] [ERROR] Failed to load resource: net::ERR_TIMED_OUT @ https://www.linkedin.com/li/track:0
[ 2796867ms] [ERROR] Failed to load resource: net::ERR_TIMED_OUT @ https://www.linkedin.com/li/track:0
[ 2799592ms] [ERROR] Failed to load resource: net::ERR_TIMED_OUT @ https://www.linkedin.com/li/track:0
[ 2801356ms] [ERROR] Failed to load resource: net::ERR_TIMED_OUT @ https://www.linkedin.com/li/track:0
[ 2806147ms] [ERROR] Failed to load resource: net::ERR_TIMED_OUT @ https://www.linkedin.com/li/track:0
[ 2811461ms] [ERROR] Failed to load resource: net::ERR_TIMED_OUT @ https://www.linkedin.com/li/track:0
[ 2813133ms] [ERROR] Failed to load resource: net::ERR_TIMED_OUT @ https://www.linkedin.com/li/track:0
[ 2814844ms] [ERROR] Failed to load resource: net::ERR_TIMED_OUT @ https://www.linkedin.com/li/track:0
[ 2817564ms] [ERROR] Failed to load resource: net::ERR_TIMED_OUT @ https://www.linkedin.com/li/track:0
[ 2819329ms] [ERROR] Failed to load resource: net::ERR_TIMED_OUT @ https://www.linkedin.com/li/track:0
[ 2824119ms] [ERROR] Failed to load resource: net::ERR_TIMED_OUT @ https://www.linkedin.com/li/track:0
[ 2829427ms] [ERROR] Failed to load resource: net::ERR_TIMED_OUT @ https://www.linkedin.com/li/track:0
[ 2831107ms] [ERROR] Failed to load resource: net::ERR_TIMED_OUT @ https://www.linkedin.com/li/track:0
[ 2832811ms] [ERROR] Failed to load resource: net::ERR_TIMED_OUT @ https://www.linkedin.com/li/track:0
[ 2835536ms] [ERROR] Failed to load resource: net::ERR_TIMED_OUT @ https://www.linkedin.com/li/track:0
[ 2837305ms] [ERROR] Failed to load resource: net::ERR_TIMED_OUT @ https://www.linkedin.com/li/track:0
[ 2842092ms] [ERROR] Failed to load resource: net::ERR_TIMED_OUT @ https://www.linkedin.com/li/track:0
[ 2847398ms] [ERROR] Failed to load resource: net::ERR_TIMED_OUT @ https://www.linkedin.com/li/track:0
[ 2849080ms] [ERROR] Failed to load resource: net::ERR_TIMED_OUT @ https://www.linkedin.com/li/track:0
[ 2850783ms] [ERROR] Failed to load resource: net::ERR_TIMED_OUT @ https://www.linkedin.com/li/track:0
[ 2853520ms] [ERROR] Failed to load resource: net::ERR_TIMED_OUT @ https://www.linkedin.com/li/track:0
[ 2855282ms] [ERROR] Failed to load resource: net::ERR_TIMED_OUT @ https://www.linkedin.com/li/track:0
[ 2860065ms] [ERROR] Failed to load resource: net::ERR_TIMED_OUT @ https://www.linkedin.com/li/track:0
[ 2865366ms] [ERROR] Failed to load resource: net::ERR_TIMED_OUT @ https://www.linkedin.com/li/track:0
[ 2867055ms] [ERROR] Failed to load resource: net::ERR_TIMED_OUT @ https://www.linkedin.com/li/track:0
[ 2868746ms] [ERROR] Failed to load resource: net::ERR_TIMED_OUT @ https://www.linkedin.com/li/track:0
[ 2871498ms] [ERROR] Failed to load resource: net::ERR_TIMED_OUT @ https://www.linkedin.com/li/track:0
[ 2873261ms] [ERROR] Failed to load resource: net::ERR_TIMED_OUT @ https://www.linkedin.com/li/track:0
[ 2878040ms] [ERROR] Failed to load resource: net::ERR_TIMED_OUT @ https://www.linkedin.com/li/track:0
[ 2883348ms] [ERROR] Failed to load resource: net::ERR_TIMED_OUT @ https://www.linkedin.com/li/track:0
[ 2885028ms] [ERROR] Failed to load resource: net::ERR_TIMED_OUT @ https://www.linkedin.com/li/track:0
[ 2886719ms] [ERROR] Failed to load resource: net::ERR_TIMED_OUT @ https://www.linkedin.com/li/track:0
[ 2889468ms] [ERROR] Failed to load resource: net::ERR_TIMED_OUT @ https://www.linkedin.com/li/track:0
[ 2891239ms] [ERROR] Failed to load resource: net::ERR_TIMED_OUT @ https://www.linkedin.com/li/track:0
[ 2896018ms] [ERROR] Failed to load resource: net::ERR_TIMED_OUT @ https://www.linkedin.com/li/track:0
[ 2901328ms] [ERROR] Failed to load resource: net::ERR_TIMED_OUT @ https://www.linkedin.com/li/track:0
[ 2903010ms] [ERROR] Failed to load resource: net::ERR_TIMED_OUT @ https://www.linkedin.com/li/track:0
[ 2904697ms] [ERROR] Failed to load resource: net::ERR_TIMED_OUT @ https://www.linkedin.com/li/track:0
[ 2907444ms] [ERROR] Failed to load resource: net::ERR_TIMED_OUT @ https://www.linkedin.com/li/track:0
[ 2909210ms] [ERROR] Failed to load resource: net::ERR_TIMED_OUT @ https://www.linkedin.com/li/track:0
[ 2913992ms] [ERROR] Failed to load resource: net::ERR_TIMED_OUT @ https://www.linkedin.com/li/track:0
[ 2919299ms] [ERROR] Failed to load resource: net::ERR_TIMED_OUT @ https://www.linkedin.com/li/track:0
[ 2920983ms] [ERROR] Failed to load resource: net::ERR_TIMED_OUT @ https://www.linkedin.com/li/track:0
[ 2922674ms] [ERROR] Failed to load resource: net::ERR_TIMED_OUT @ https://www.linkedin.com/li/track:0
[ 2925414ms] [ERROR] Failed to load resource: net::ERR_TIMED_OUT @ https://www.linkedin.com/li/track:0
[ 2927186ms] [ERROR] Failed to load resource: net::ERR_TIMED_OUT @ https://www.linkedin.com/li/track:0
[ 2931971ms] [ERROR] Failed to load resource: net::ERR_TIMED_OUT @ https://www.linkedin.com/li/track:0
[ 2937273ms] [ERROR] Failed to load resource: net::ERR_TIMED_OUT @ https://www.linkedin.com/li/track:0
[ 2938961ms] [ERROR] Failed to load resource: net::ERR_TIMED_OUT @ https://www.linkedin.com/li/track:0
[ 2940647ms] [ERROR] Failed to load resource: net::ERR_TIMED_OUT @ https://www.linkedin.com/li/track:0
[ 2943388ms] [ERROR] Failed to load resource: net::ERR_TIMED_OUT @ https://www.linkedin.com/li/track:0
[ 2945156ms] [ERROR] Failed to load resource: net::ERR_TIMED_OUT @ https://www.linkedin.com/li/track:0
[ 2950822ms] [ERROR] Failed to load resource: net::ERR_TIMED_OUT @ https://www.linkedin.com/li/track:0
[ 2955246ms] [ERROR] Failed to load resource: net::ERR_TIMED_OUT @ https://www.linkedin.com/li/track:0
[ 2957135ms] [ERROR] Failed to load resource: net::ERR_TIMED_OUT @ https://www.linkedin.com/li/track:0
[ 2958625ms] [ERROR] Failed to load resource: net::ERR_TIMED_OUT @ https://www.linkedin.com/li/track:0
[ 2961358ms] [ERROR] Failed to load resource: net::ERR_TIMED_OUT @ https://www.linkedin.com/li/track:0
[ 2963127ms] [ERROR] Failed to load resource: net::ERR_TIMED_OUT @ https://www.linkedin.com/li/track:0
[ 2968796ms] [ERROR] Failed to load resource: net::ERR_TIMED_OUT @ https://www.linkedin.com/li/track:0
[ 2973224ms] [ERROR] Failed to load resource: net::ERR_TIMED_OUT @ https://www.linkedin.com/li/track:0
[ 2975120ms] [ERROR] Failed to load resource: net::ERR_TIMED_OUT @ https://www.linkedin.com/li/track:0
[ 2976599ms] [ERROR] Failed to load resource: net::ERR_TIMED_OUT @ https://www.linkedin.com/li/track:0
[ 2979338ms] [ERROR] Failed to load resource: net::ERR_TIMED_OUT @ https://www.linkedin.com/li/track:0
[ 2981104ms] [ERROR] Failed to load resource: net::ERR_TIMED_OUT @ https://www.linkedin.com/li/track:0
[ 2986774ms] [ERROR] Failed to load resource: net::ERR_TIMED_OUT @ https://www.linkedin.com/li/track:0
[ 2991194ms] [ERROR] Failed to load resource: net::ERR_TIMED_OUT @ https://www.linkedin.com/li/track:0
[ 2993093ms] [ERROR] Failed to load resource: net::ERR_TIMED_OUT @ https://www.linkedin.com/li/track:0
[ 2994579ms] [ERROR] Failed to load resource: net::ERR_TIMED_OUT @ https://www.linkedin.com/li/track:0
[ 2997316ms] [ERROR] Failed to load resource: net::ERR_TIMED_OUT @ https://www.linkedin.com/li/track:0
[ 2999076ms] [ERROR] Failed to load resource: net::ERR_TIMED_OUT @ https://www.linkedin.com/li/track:0
[ 3004750ms] [ERROR] Failed to load resource: net::ERR_TIMED_OUT @ https://www.linkedin.com/li/track:0
[ 3009169ms] [ERROR] Failed to load resource: net::ERR_TIMED_OUT @ https://www.linkedin.com/li/track:0
[ 3011069ms] [ERROR] Failed to load resource: net::ERR_TIMED_OUT @ https://www.linkedin.com/li/track:0
[ 3012556ms] [ERROR] Failed to load resource: net::ERR_TIMED_OUT @ https://www.linkedin.com/li/track:0
[ 3015284ms] [ERROR] Failed to load resource: net::ERR_TIMED_OUT @ https://www.linkedin.com/li/track:0
[ 3017042ms] [ERROR] Failed to load resource: net::ERR_TIMED_OUT @ https://www.linkedin.com/li/track:0
[ 3022716ms] [ERROR] Failed to load resource: net::ERR_TIMED_OUT @ https://www.linkedin.com/li/track:0
[ 3027154ms] [ERROR] Failed to load resource: net::ERR_TIMED_OUT @ https://www.linkedin.com/li/track:0
[ 3029040ms] [ERROR] Failed to load resource: net::ERR_TIMED_OUT @ https://www.linkedin.com/li/track:0
[ 3030526ms] [ERROR] Failed to load resource: net::ERR_TIMED_OUT @ https://www.linkedin.com/li/track:0
[ 3033249ms] [ERROR] Failed to load resource: net::ERR_TIMED_OUT @ https://www.linkedin.com/li/track:0
[ 3035013ms] [ERROR] Failed to load resource: net::ERR_TIMED_OUT @ https://www.linkedin.com/li/track:0
[ 3040692ms] [ERROR] Failed to load resource: net::ERR_TIMED_OUT @ https://www.linkedin.com/li/track:0
[ 3045130ms] [ERROR] Failed to load resource: net::ERR_TIMED_OUT @ https://www.linkedin.com/li/track:0
[ 3047011ms] [ERROR] Failed to load resource: net::ERR_TIMED_OUT @ https://www.linkedin.com/li/track:0
[ 3048503ms] [ERROR] Failed to load resource: net::ERR_TIMED_OUT @ https://www.linkedin.com/li/track:0
[ 3051225ms] [ERROR] Failed to load resource: net::ERR_TIMED_OUT @ https://www.linkedin.com/li/track:0
[ 3052987ms] [ERROR] Failed to load resource: net::ERR_TIMED_OUT @ https://www.linkedin.com/li/track:0
[ 3058666ms] [ERROR] Failed to load resource: net::ERR_TIMED_OUT @ https://www.linkedin.com/li/track:0
[ 3063110ms] [ERROR] Failed to load resource: net::ERR_TIMED_OUT @ https://www.linkedin.com/li/track:0
[ 3064987ms] [ERROR] Failed to load resource: net::ERR_TIMED_OUT @ https://www.linkedin.com/li/track:0
[ 3066480ms] [ERROR] Failed to load resource: net::ERR_TIMED_OUT @ https://www.linkedin.com/li/track:0
[ 3069200ms] [ERROR] Failed to load resource: net::ERR_TIMED_OUT @ https://www.linkedin.com/li/track:0
[ 3070965ms] [ERROR] Failed to load resource: net::ERR_TIMED_OUT @ https://www.linkedin.com/li/track:0
[ 3076637ms] [ERROR] Failed to load resource: net::ERR_TIMED_OUT @ https://www.linkedin.com/li/track:0
[ 3081083ms] [ERROR] Failed to load resource: net::ERR_TIMED_OUT @ https://www.linkedin.com/li/track:0
[ 3082969ms] [ERROR] Failed to load resource: net::ERR_TIMED_OUT @ https://www.linkedin.com/li/track:0
[ 3084461ms] [ERROR] Failed to load resource: net::ERR_TIMED_OUT @ https://www.linkedin.com/li/track:0
[ 3087166ms] [ERROR] Failed to load resource: net::ERR_TIMED_OUT @ https://www.linkedin.com/li/track:0
[ 3088939ms] [ERROR] Failed to load resource: net::ERR_TIMED_OUT @ https://www.linkedin.com/li/track:0
[ 3094617ms] [ERROR] Failed to load resource: net::ERR_TIMED_OUT @ https://www.linkedin.com/li/track:0
[ 3099057ms] [ERROR] Failed to load resource: net::ERR_TIMED_OUT @ https://www.linkedin.com/li/track:0
[ 3100948ms] [ERROR] Failed to load resource: net::ERR_TIMED_OUT @ https://www.linkedin.com/li/track:0
[ 3102432ms] [ERROR] Failed to load resource: net::ERR_TIMED_OUT @ https://www.linkedin.com/li/track:0
[ 3105141ms] [ERROR] Failed to load resource: net::ERR_TIMED_OUT @ https://www.linkedin.com/li/track:0
[ 3106912ms] [ERROR] Failed to load resource: net::ERR_TIMED_OUT @ https://www.linkedin.com/li/track:0
[ 3112586ms] [ERROR] Failed to load resource: net::ERR_TIMED_OUT @ https://www.linkedin.com/li/track:0
[ 3117033ms] [ERROR] Failed to load resource: net::ERR_TIMED_OUT @ https://www.linkedin.com/li/track:0
[ 3118925ms] [ERROR] Failed to load resource: net::ERR_TIMED_OUT @ https://www.linkedin.com/li/track:0
[ 3120403ms] [ERROR] Failed to load resource: net::ERR_TIMED_OUT @ https://www.linkedin.com/li/track:0
[ 3123116ms] [ERROR] Failed to load resource: net::ERR_TIMED_OUT @ https://www.linkedin.com/li/track:0
[ 3124887ms] [ERROR] Failed to load resource: net::ERR_TIMED_OUT @ https://www.linkedin.com/li/track:0
[ 3130560ms] [ERROR] Failed to load resource: net::ERR_TIMED_OUT @ https://www.linkedin.com/li/track:0
[ 3135005ms] [ERROR] Failed to load resource: net::ERR_TIMED_OUT @ https://www.linkedin.com/li/track:0
[ 3136900ms] [ERROR] Failed to load resource: net::ERR_TIMED_OUT @ https://www.linkedin.com/li/track:0
[ 3139383ms] [ERROR] Failed to load resource: net::ERR_TIMED_OUT @ https://www.linkedin.com/li/track:0
[ 3141089ms] [ERROR] Failed to load resource: net::ERR_TIMED_OUT @ https://www.linkedin.com/li/track:0
[ 3142860ms] [ERROR] Failed to load resource: net::ERR_TIMED_OUT @ https://www.linkedin.com/li/track:0
[ 3148537ms] [ERROR] Failed to load resource: net::ERR_TIMED_OUT @ https://www.linkedin.com/li/track:0
[ 3152981ms] [ERROR] Failed to load resource: net::ERR_TIMED_OUT @ https://www.linkedin.com/li/track:0
[ 3154872ms] [ERROR] Failed to load resource: net::ERR_TIMED_OUT @ https://www.linkedin.com/li/track:0
[ 3157364ms] [ERROR] Failed to load resource: net::ERR_TIMED_OUT @ https://www.linkedin.com/li/track:0
[ 3159072ms] [ERROR] Failed to load resource: net::ERR_TIMED_OUT @ https://www.linkedin.com/li/track:0
[ 3160836ms] [ERROR] Failed to load resource: net::ERR_TIMED_OUT @ https://www.linkedin.com/li/track:0
[ 3166511ms] [ERROR] Failed to load resource: net::ERR_TIMED_OUT @ https://www.linkedin.com/li/track:0
[ 3170955ms] [ERROR] Failed to load resource: net::ERR_TIMED_OUT @ https://www.linkedin.com/li/track:0
[ 3172850ms] [ERROR] Failed to load resource: net::ERR_TIMED_OUT @ https://www.linkedin.com/li/track:0
[ 3175339ms] [ERROR] Failed to load resource: net::ERR_TIMED_OUT @ https://www.linkedin.com/li/track:0
[ 3177048ms] [ERROR] Failed to load resource: net::ERR_TIMED_OUT @ https://www.linkedin.com/li/track:0
[ 3178818ms] [ERROR] Failed to load resource: net::ERR_TIMED_OUT @ https://www.linkedin.com/li/track:0
[ 3184504ms] [ERROR] Failed to load resource: net::ERR_TIMED_OUT @ https://www.linkedin.com/li/track:0
[ 3188926ms] [ERROR] Failed to load resource: net::ERR_TIMED_OUT @ https://www.linkedin.com/li/track:0
[ 3190819ms] [ERROR] Failed to load resource: net::ERR_TIMED_OUT @ https://www.linkedin.com/li/track:0
[ 3194311ms] [ERROR] Failed to load resource: net::ERR_TIMED_OUT @ https://www.linkedin.com/li/track:0
[ 3195027ms] [ERROR] Failed to load resource: net::ERR_TIMED_OUT @ https://www.linkedin.com/li/track:0
[ 3196788ms] [ERROR] Failed to load resource: net::ERR_TIMED_OUT @ https://www.linkedin.com/li/track:0
[ 3202466ms] [ERROR] Failed to load resource: net::ERR_TIMED_OUT @ https://www.linkedin.com/li/track:0
[ 3206900ms] [ERROR] Failed to load resource: net::ERR_TIMED_OUT @ https://www.linkedin.com/li/track:0
[ 3208791ms] [ERROR] Failed to load resource: net::ERR_TIMED_OUT @ https://www.linkedin.com/li/track:0
[ 3212286ms] [ERROR] Failed to load resource: net::ERR_TIMED_OUT @ https://www.linkedin.com/li/track:0
[ 3213002ms] [ERROR] Failed to load resource: net::ERR_TIMED_OUT @ https://www.linkedin.com/li/track:0
[ 3214760ms] [ERROR] Failed to load resource: net::ERR_TIMED_OUT @ https://www.linkedin.com/li/track:0
[ 3220438ms] [ERROR] Failed to load resource: net::ERR_TIMED_OUT @ https://www.linkedin.com/li/track:0
[ 3224869ms] [ERROR] Failed to load resource: net::ERR_TIMED_OUT @ https://www.linkedin.com/li/track:0
[ 3226761ms] [ERROR] Failed to load resource: net::ERR_TIMED_OUT @ https://www.linkedin.com/li/track:0
[ 3230258ms] [ERROR] Failed to load resource: net::ERR_TIMED_OUT @ https://www.linkedin.com/li/track:0
[ 3230974ms] [ERROR] Failed to load resource: net::ERR_TIMED_OUT @ https://www.linkedin.com/li/track:0
[ 3232734ms] [ERROR] Failed to load resource: net::ERR_TIMED_OUT @ https://www.linkedin.com/li/track:0
[ 3238415ms] [ERROR] Failed to load resource: net::ERR_TIMED_OUT @ https://www.linkedin.com/li/track:0
[ 3242845ms] [ERROR] Failed to load resource: net::ERR_TIMED_OUT @ https://www.linkedin.com/li/track:0
[ 3244740ms] [ERROR] Failed to load resource: net::ERR_TIMED_OUT @ https://www.linkedin.com/li/track:0
[ 3248228ms] [ERROR] Failed to load resource: net::ERR_TIMED_OUT @ https://www.linkedin.com/li/track:0
[ 3248949ms] [ERROR] Failed to load resource: net::ERR_TIMED_OUT @ https://www.linkedin.com/li/track:0
[ 3250724ms] [ERROR] Failed to load resource: net::ERR_TIMED_OUT @ https://www.linkedin.com/li/track:0
[ 3256387ms] [ERROR] Failed to load resource: net::ERR_TIMED_OUT @ https://www.linkedin.com/li/track:0
[ 3260820ms] [ERROR] Failed to load resource: net::ERR_TIMED_OUT @ https://www.linkedin.com/li/track:0
[ 3262709ms] [ERROR] Failed to load resource: net::ERR_TIMED_OUT @ https://www.linkedin.com/li/track:0
[ 3266205ms] [ERROR] Failed to load resource: net::ERR_TIMED_OUT @ https://www.linkedin.com/li/track:0
[ 3266922ms] [ERROR] Failed to load resource: net::ERR_TIMED_OUT @ https://www.linkedin.com/li/track:0
[ 3268707ms] [ERROR] Failed to load resource: net::ERR_TIMED_OUT @ https://www.linkedin.com/li/track:0
[ 3274367ms] [ERROR] Failed to load resource: net::ERR_TIMED_OUT @ https://www.linkedin.com/li/track:0
[ 3278796ms] [ERROR] Failed to load resource: net::ERR_TIMED_OUT @ https://www.linkedin.com/li/track:0
[ 3280685ms] [ERROR] Failed to load resource: net::ERR_TIMED_OUT @ https://www.linkedin.com/li/track:0
[ 3284174ms] [ERROR] Failed to load resource: net::ERR_TIMED_OUT @ https://www.linkedin.com/li/track:0
[ 3284896ms] [ERROR] Failed to load resource: net::ERR_TIMED_OUT @ https://www.linkedin.com/li/track:0
[ 3286668ms] [ERROR] Failed to load resource: net::ERR_TIMED_OUT @ https://www.linkedin.com/li/track:0
[ 3292328ms] [ERROR] Failed to load resource: net::ERR_TIMED_OUT @ https://www.linkedin.com/li/track:0
[ 3296770ms] [ERROR] Failed to load resource: net::ERR_TIMED_OUT @ https://www.linkedin.com/li/track:0
[ 3298660ms] [ERROR] Failed to load resource: net::ERR_TIMED_OUT @ https://www.linkedin.com/li/track:0
[ 3302147ms] [ERROR] Failed to load resource: net::ERR_TIMED_OUT @ https://www.linkedin.com/li/track:0
[ 3302874ms] [ERROR] Failed to load resource: net::ERR_TIMED_OUT @ https://www.linkedin.com/li/track:0
[ 3304644ms] [ERROR] Failed to load resource: net::ERR_TIMED_OUT @ https://www.linkedin.com/li/track:0
[ 3310296ms] [ERROR] Failed to load resource: net::ERR_TIMED_OUT @ https://www.linkedin.com/li/track:0
[ 3314744ms] [ERROR] Failed to load resource: net::ERR_TIMED_OUT @ https://www.linkedin.com/li/track:0
[ 3316630ms] [ERROR] Failed to load resource: net::ERR_TIMED_OUT @ https://www.linkedin.com/li/track:0
[ 3320120ms] [ERROR] Failed to load resource: net::ERR_TIMED_OUT @ https://www.linkedin.com/li/track:0
[ 3321854ms] [ERROR] Failed to load resource: net::ERR_TIMED_OUT @ https://www.linkedin.com/li/track:0
[ 3322611ms] [ERROR] Failed to load resource: net::ERR_TIMED_OUT @ https://www.linkedin.com/li/track:0
[ 3328272ms] [ERROR] Failed to load resource: net::ERR_TIMED_OUT @ https://www.linkedin.com/li/track:0
[ 3332722ms] [ERROR] Failed to load resource: net::ERR_TIMED_OUT @ https://www.linkedin.com/li/track:0
[ 3334599ms] [ERROR] Failed to load resource: net::ERR_TIMED_OUT @ https://www.linkedin.com/li/track:0
[ 3338093ms] [ERROR] Failed to load resource: net::ERR_TIMED_OUT @ https://www.linkedin.com/li/track:0
[ 3339832ms] [ERROR] Failed to load resource: net::ERR_TIMED_OUT @ https://www.linkedin.com/li/track:0
[ 3340585ms] [ERROR] Failed to load resource: net::ERR_TIMED_OUT @ https://www.linkedin.com/li/track:0
[ 3346243ms] [ERROR] Failed to load resource: net::ERR_TIMED_OUT @ https://www.linkedin.com/li/track:0
[ 3350692ms] [ERROR] Failed to load resource: net::ERR_TIMED_OUT @ https://www.linkedin.com/li/track:0
[ 3352572ms] [ERROR] Failed to load resource: net::ERR_TIMED_OUT @ https://www.linkedin.com/li/track:0
[ 3356071ms] [ERROR] Failed to load resource: net::ERR_TIMED_OUT @ https://www.linkedin.com/li/track:0
[ 3357802ms] [ERROR] Failed to load resource: net::ERR_TIMED_OUT @ https://www.linkedin.com/li/track:0
[ 3358558ms] [ERROR] Failed to load resource: net::ERR_TIMED_OUT @ https://www.linkedin.com/li/track:0
[ 3364226ms] [ERROR] Failed to load resource: net::ERR_TIMED_OUT @ https://www.linkedin.com/li/track:0
[ 3368661ms] [ERROR] Failed to load resource: net::ERR_TIMED_OUT @ https://www.linkedin.com/li/track:0
[ 3370544ms] [ERROR] Failed to load resource: net::ERR_TIMED_OUT @ https://www.linkedin.com/li/track:0
[ 3374047ms] [ERROR] Failed to load resource: net::ERR_TIMED_OUT @ https://www.linkedin.com/li/track:0
[ 3375788ms] [ERROR] Failed to load resource: net::ERR_TIMED_OUT @ https://www.linkedin.com/li/track:0
[ 3376521ms] [ERROR] Failed to load resource: net::ERR_TIMED_OUT @ https://www.linkedin.com/li/track:0
[ 3383812ms] [ERROR] Failed to load resource: net::ERR_TIMED_OUT @ https://www.linkedin.com/li/track:0
[ 3386634ms] [ERROR] Failed to load resource: net::ERR_TIMED_OUT @ https://www.linkedin.com/li/track:0
[ 3388522ms] [ERROR] Failed to load resource: net::ERR_TIMED_OUT @ https://www.linkedin.com/li/track:0
[ 3392024ms] [ERROR] Failed to load resource: net::ERR_TIMED_OUT @ https://www.linkedin.com/li/track:0
[ 3394252ms] [ERROR] Failed to load resource: net::ERR_TIMED_OUT @ https://www.linkedin.com/li/track:0
[ 3394498ms] [ERROR] Failed to load resource: net::ERR_TIMED_OUT @ https://www.linkedin.com/li/track:0
[ 3401786ms] [ERROR] Failed to load resource: net::ERR_TIMED_OUT @ https://www.linkedin.com/li/track:0
[ 3404609ms] [ERROR] Failed to load resource: net::ERR_TIMED_OUT @ https://www.linkedin.com/li/track:0
[ 3406496ms] [ERROR] Failed to load resource: net::ERR_TIMED_OUT @ https://www.linkedin.com/li/track:0
[ 3409997ms] [ERROR] Failed to load resource: net::ERR_TIMED_OUT @ https://www.linkedin.com/li/track:0
[ 3412225ms] [ERROR] Failed to load resource: net::ERR_TIMED_OUT @ https://www.linkedin.com/li/track:0
[ 3412471ms] [ERROR] Failed to load resource: net::ERR_TIMED_OUT @ https://www.linkedin.com/li/track:0
[ 3419758ms] [ERROR] Failed to load resource: net::ERR_TIMED_OUT @ https://www.linkedin.com/li/track:0
[ 3422576ms] [ERROR] Failed to load resource: net::ERR_TIMED_OUT @ https://www.linkedin.com/li/track:0
[ 3424476ms] [ERROR] Failed to load resource: net::ERR_TIMED_OUT @ https://www.linkedin.com/li/track:0
[ 3427969ms] [ERROR] Failed to load resource: net::ERR_TIMED_OUT @ https://www.linkedin.com/li/track:0
[ 3430194ms] [ERROR] Failed to load resource: net::ERR_TIMED_OUT @ https://www.linkedin.com/li/track:0
[ 3430437ms] [ERROR] Failed to load resource: net::ERR_TIMED_OUT @ https://www.linkedin.com/li/track:0
[ 3437737ms] [ERROR] Failed to load resource: net::ERR_TIMED_OUT @ https://www.linkedin.com/li/track:0
[ 3440539ms] [ERROR] Failed to load resource: net::ERR_TIMED_OUT @ https://www.linkedin.com/li/track:0
[ 3442800ms] [ERROR] Failed to load resource: net::ERR_TIMED_OUT @ https://www.linkedin.com/li/track:0
[ 3445942ms] [ERROR] Failed to load resource: net::ERR_TIMED_OUT @ https://www.linkedin.com/li/track:0
[ 3448170ms] [ERROR] Failed to load resource: net::ERR_TIMED_OUT @ https://www.linkedin.com/li/track:0
[ 3448405ms] [ERROR] Failed to load resource: net::ERR_TIMED_OUT @ https://www.linkedin.com/li/track:0
[ 3455709ms] [ERROR] Failed to load resource: net::ERR_TIMED_OUT @ https://www.linkedin.com/li/track:0
[ 3458513ms] [ERROR] Failed to load resource: net::ERR_TIMED_OUT @ https://www.linkedin.com/li/track:0
[ 3460776ms] [ERROR] Failed to load resource: net::ERR_TIMED_OUT @ https://www.linkedin.com/li/track:0
[ 3463917ms] [ERROR] Failed to load resource: net::ERR_TIMED_OUT @ https://www.linkedin.com/li/track:0
[ 3466368ms] [ERROR] Failed to load resource: net::ERR_TIMED_OUT @ https://www.linkedin.com/li/track:0
[ 3466757ms] [ERROR] Failed to load resource: net::ERR_TIMED_OUT @ https://www.linkedin.com/li/track:0
[ 3473681ms] [ERROR] Failed to load resource: net::ERR_TIMED_OUT @ https://www.linkedin.com/li/track:0
[ 3476481ms] [ERROR] Failed to load resource: net::ERR_TIMED_OUT @ https://www.linkedin.com/li/track:0
[ 3478750ms] [ERROR] Failed to load resource: net::ERR_TIMED_OUT @ https://www.linkedin.com/li/track:0
[ 3481885ms] [ERROR] Failed to load resource: net::ERR_TIMED_OUT @ https://www.linkedin.com/li/track:0
[ 3484333ms] [ERROR] Failed to load resource: net::ERR_TIMED_OUT @ https://www.linkedin.com/li/track:0
[ 3484725ms] [ERROR] Failed to load resource: net::ERR_TIMED_OUT @ https://www.linkedin.com/li/track:0
[ 3491661ms] [ERROR] Failed to load resource: net::ERR_TIMED_OUT @ https://www.linkedin.com/li/track:0
[ 3494459ms] [ERROR] Failed to load resource: net::ERR_TIMED_OUT @ https://www.linkedin.com/li/track:0
[ 3496724ms] [ERROR] Failed to load resource: net::ERR_TIMED_OUT @ https://www.linkedin.com/li/track:0
[ 3500857ms] [ERROR] Failed to load resource: net::ERR_TIMED_OUT @ https://www.linkedin.com/li/track:0
[ 3502306ms] [ERROR] Failed to load resource: net::ERR_TIMED_OUT @ https://www.linkedin.com/li/track:0
[ 3502699ms] [ERROR] Failed to load resource: net::ERR_TIMED_OUT @ https://www.linkedin.com/li/track:0
[ 3509631ms] [ERROR] Failed to load resource: net::ERR_TIMED_OUT @ https://www.linkedin.com/li/track:0
[ 3512430ms] [ERROR] Failed to load resource: net::ERR_TIMED_OUT @ https://www.linkedin.com/li/track:0
[ 3514694ms] [ERROR] Failed to load resource: net::ERR_TIMED_OUT @ https://www.linkedin.com/li/track:0
[ 3518829ms] [ERROR] Failed to load resource: net::ERR_TIMED_OUT @ https://www.linkedin.com/li/track:0
[ 3520283ms] [ERROR] Failed to load resource: net::ERR_TIMED_OUT @ https://www.linkedin.com/li/track:0
[ 3520674ms] [ERROR] Failed to load resource: net::ERR_TIMED_OUT @ https://www.linkedin.com/li/track:0
[ 3527607ms] [ERROR] Failed to load resource: net::ERR_TIMED_OUT @ https://www.linkedin.com/li/track:0
[ 3530404ms] [ERROR] Failed to load resource: net::ERR_TIMED_OUT @ https://www.linkedin.com/li/track:0
[ 3532664ms] [ERROR] Failed to load resource: net::ERR_TIMED_OUT @ https://www.linkedin.com/li/track:0
[ 3536802ms] [ERROR] Failed to load resource: net::ERR_TIMED_OUT @ https://www.linkedin.com/li/track:0
[ 3538261ms] [ERROR] Failed to load resource: net::ERR_TIMED_OUT @ https://www.linkedin.com/li/track:0
[ 3538645ms] [ERROR] Failed to load resource: net::ERR_TIMED_OUT @ https://www.linkedin.com/li/track:0
[ 3545580ms] [ERROR] Failed to load resource: net::ERR_TIMED_OUT @ https://www.linkedin.com/li/track:0
[ 3548379ms] [ERROR] Failed to load resource: net::ERR_TIMED_OUT @ https://www.linkedin.com/li/track:0
[ 3550635ms] [ERROR] Failed to load resource: net::ERR_TIMED_OUT @ https://www.linkedin.com/li/track:0
[ 3554775ms] [ERROR] Failed to load resource: net::ERR_TIMED_OUT @ https://www.linkedin.com/li/track:0
[ 3556225ms] [ERROR] Failed to load resource: net::ERR_TIMED_OUT @ https://www.linkedin.com/li/track:0
[ 3556618ms] [ERROR] Failed to load resource: net::ERR_TIMED_OUT @ https://www.linkedin.com/li/track:0
[ 3563911ms] [ERROR] Failed to load resource: net::ERR_TIMED_OUT @ https://www.linkedin.com/li/track:0
[ 3566346ms] [ERROR] Failed to load resource: net::ERR_TIMED_OUT @ https://www.linkedin.com/li/track:0
[ 3568615ms] [ERROR] Failed to load resource: net::ERR_TIMED_OUT @ https://www.linkedin.com/li/track:0
[ 3572753ms] [ERROR] Failed to load resource: net::ERR_TIMED_OUT @ https://www.linkedin.com/li/track:0
[ 3574203ms] [ERROR] Failed to load resource: net::ERR_TIMED_OUT @ https://www.linkedin.com/li/track:0
[ 3574595ms] [ERROR] Failed to load resource: net::ERR_TIMED_OUT @ https://www.linkedin.com/li/track:0
[ 3581883ms] [ERROR] Failed to load resource: net::ERR_TIMED_OUT @ https://www.linkedin.com/li/track:0
[ 3584320ms] [ERROR] Failed to load resource: net::ERR_TIMED_OUT @ https://www.linkedin.com/li/track:0
[ 3586596ms] [ERROR] Failed to load resource: net::ERR_TIMED_OUT @ https://www.linkedin.com/li/track:0
[ 3590735ms] [ERROR] Failed to load resource: net::ERR_TIMED_OUT @ https://www.linkedin.com/li/track:0
[ 3592176ms] [ERROR] Failed to load resource: net::ERR_TIMED_OUT @ https://www.linkedin.com/li/track:0
[ 3592568ms] [ERROR] Failed to load resource: net::ERR_TIMED_OUT @ https://www.linkedin.com/li/track:0
[ 3599857ms] [ERROR] Failed to load resource: net::ERR_TIMED_OUT @ https://www.linkedin.com/li/track:0
[ 3602303ms] [ERROR] Failed to load resource: net::ERR_TIMED_OUT @ https://www.linkedin.com/li/track:0
[ 3604565ms] [ERROR] Failed to load resource: net::ERR_TIMED_OUT @ https://www.linkedin.com/li/track:0
[ 3608709ms] [ERROR] Failed to load resource: net::ERR_TIMED_OUT @ https://www.linkedin.com/li/track:0
[ 3610159ms] [ERROR] Failed to load resource: net::ERR_TIMED_OUT @ https://www.linkedin.com/li/track:0
[ 3610545ms] [ERROR] Failed to load resource: net::ERR_TIMED_OUT @ https://www.linkedin.com/li/track:0
[ 3617835ms] [ERROR] Failed to load resource: net::ERR_TIMED_OUT @ https://www.linkedin.com/li/track:0
[ 3620277ms] [ERROR] Failed to load resource: net::ERR_TIMED_OUT @ https://www.linkedin.com/li/track:0
[ 3622528ms] [ERROR] Failed to load resource: net::ERR_TIMED_OUT @ https://www.linkedin.com/li/track:0
[ 3626684ms] [ERROR] Failed to load resource: net::ERR_TIMED_OUT @ https://www.linkedin.com/li/track:0
[ 3628140ms] [ERROR] Failed to load resource: net::ERR_TIMED_OUT @ https://www.linkedin.com/li/track:0
[ 3628517ms] [ERROR] Failed to load resource: net::ERR_TIMED_OUT @ https://www.linkedin.com/li/track:0
[ 3635812ms] [ERROR] Failed to load resource: net::ERR_TIMED_OUT @ https://www.linkedin.com/li/track:0
[ 3638246ms] [ERROR] Failed to load resource: net::ERR_TIMED_OUT @ https://www.linkedin.com/li/track:0
[ 3640504ms] [ERROR] Failed to load resource: net::ERR_TIMED_OUT @ https://www.linkedin.com/li/track:0
[ 3644657ms] [ERROR] Failed to load resource: net::ERR_TIMED_OUT @ https://www.linkedin.com/li/track:0
[ 3646108ms] [ERROR] Failed to load resource: net::ERR_TIMED_OUT @ https://www.linkedin.com/li/track:0
[ 3646497ms] [ERROR] Failed to load resource: net::ERR_TIMED_OUT @ https://www.linkedin.com/li/track:0
[ 3653788ms] [ERROR] Failed to load resource: net::ERR_TIMED_OUT @ https://www.linkedin.com/li/track:0
[ 3656216ms] [ERROR] Failed to load resource: net::ERR_TIMED_OUT @ https://www.linkedin.com/li/track:0
[ 3658468ms] [ERROR] Failed to load resource: net::ERR_TIMED_OUT @ https://www.linkedin.com/li/track:0
[ 3662627ms] [ERROR] Failed to load resource: net::ERR_TIMED_OUT @ https://www.linkedin.com/li/track:0
[ 3664073ms] [ERROR] Failed to load resource: net::ERR_TIMED_OUT @ https://www.linkedin.com/li/track:0
[ 3664465ms] [ERROR] Failed to load resource: net::ERR_TIMED_OUT @ https://www.linkedin.com/li/track:0
[ 3671762ms] [ERROR] Failed to load resource: net::ERR_TIMED_OUT @ https://www.linkedin.com/li/track:0
[ 3674194ms] [ERROR] Failed to load resource: net::ERR_TIMED_OUT @ https://www.linkedin.com/li/track:0
[ 3676442ms] [ERROR] Failed to load resource: net::ERR_TIMED_OUT @ https://www.linkedin.com/li/track:0
[ 3680613ms] [ERROR] Failed to load resource: net::ERR_TIMED_OUT @ https://www.linkedin.com/li/track:0
[ 3682042ms] [ERROR] Failed to load resource: net::ERR_TIMED_OUT @ https://www.linkedin.com/li/track:0
[ 3682439ms] [ERROR] Failed to load resource: net::ERR_TIMED_OUT @ https://www.linkedin.com/li/track:0
[ 3689739ms] [ERROR] Failed to load resource: net::ERR_TIMED_OUT @ https://www.linkedin.com/li/track:0
[ 3692167ms] [ERROR] Failed to load resource: net::ERR_TIMED_OUT @ https://www.linkedin.com/li/track:0
[ 3694412ms] [ERROR] Failed to load resource: net::ERR_TIMED_OUT @ https://www.linkedin.com/li/track:0
[ 3698591ms] [ERROR] Failed to load resource: net::ERR_TIMED_OUT @ https://www.linkedin.com/li/track:0
[ 3700014ms] [ERROR] Failed to load resource: net::ERR_TIMED_OUT @ https://www.linkedin.com/li/track:0
[ 3700412ms] [ERROR] Failed to load resource: net::ERR_TIMED_OUT @ https://www.linkedin.com/li/track:0
[ 3707711ms] [ERROR] Failed to load resource: net::ERR_TIMED_OUT @ https://www.linkedin.com/li/track:0
[ 3710145ms] [ERROR] Failed to load resource: net::ERR_TIMED_OUT @ https://www.linkedin.com/li/track:0
[ 3712378ms] [ERROR] Failed to load resource: net::ERR_TIMED_OUT @ https://www.linkedin.com/li/track:0
[ 3716564ms] [ERROR] Failed to load resource: net::ERR_TIMED_OUT @ https://www.linkedin.com/li/track:0
[ 3717986ms] [ERROR] Failed to load resource: net::ERR_TIMED_OUT @ https://www.linkedin.com/li/track:0
[ 3718388ms] [ERROR] Failed to load resource: net::ERR_TIMED_OUT @ https://www.linkedin.com/li/track:0
[ 3725681ms] [ERROR] Failed to load resource: net::ERR_TIMED_OUT @ https://www.linkedin.com/li/track:0
[ 3728118ms] [ERROR] Failed to load resource: net::ERR_TIMED_OUT @ https://www.linkedin.com/li/track:0
[ 3730344ms] [ERROR] Failed to load resource: net::ERR_TIMED_OUT @ https://www.linkedin.com/li/track:0
[ 3734548ms] [ERROR] Failed to load resource: net::ERR_TIMED_OUT @ https://www.linkedin.com/li/track:0
[ 3735970ms] [ERROR] Failed to load resource: net::ERR_TIMED_OUT @ https://www.linkedin.com/li/track:0
[ 3736369ms] [ERROR] Failed to load resource: net::ERR_TIMED_OUT @ https://www.linkedin.com/li/track:0
[ 3743651ms] [ERROR] Failed to load resource: net::ERR_TIMED_OUT @ https://www.linkedin.com/li/track:0
[ 3746090ms] [ERROR] Failed to load resource: net::ERR_TIMED_OUT @ https://www.linkedin.com/li/track:0
[ 3748319ms] [ERROR] Failed to load resource: net::ERR_TIMED_OUT @ https://www.linkedin.com/li/track:0
[ 3752517ms] [ERROR] Failed to load resource: net::ERR_TIMED_OUT @ https://www.linkedin.com/li/track:0
[ 3753951ms] [ERROR] Failed to load resource: net::ERR_TIMED_OUT @ https://www.linkedin.com/li/track:0
[ 3754347ms] [ERROR] Failed to load resource: net::ERR_TIMED_OUT @ https://www.linkedin.com/li/track:0
[ 3761621ms] [ERROR] Failed to load resource: net::ERR_TIMED_OUT @ https://www.linkedin.com/li/track:0
[ 3764065ms] [ERROR] Failed to load resource: net::ERR_TIMED_OUT @ https://www.linkedin.com/li/track:0
[ 3766289ms] [ERROR] Failed to load resource: net::ERR_TIMED_OUT @ https://www.linkedin.com/li/track:0
[ 3770490ms] [ERROR] Failed to load resource: net::ERR_TIMED_OUT @ https://www.linkedin.com/li/track:0
[ 3771921ms] [ERROR] Failed to load resource: net::ERR_TIMED_OUT @ https://www.linkedin.com/li/track:0
[ 3772322ms] [ERROR] Failed to load resource: net::ERR_TIMED_OUT @ https://www.linkedin.com/li/track:0
[ 3779596ms] [ERROR] Failed to load resource: net::ERR_TIMED_OUT @ https://www.linkedin.com/li/track:0
[ 3782048ms] [ERROR] Failed to load resource: net::ERR_TIMED_OUT @ https://www.linkedin.com/li/track:0
[ 3784259ms] [ERROR] Failed to load resource: net::ERR_TIMED_OUT @ https://www.linkedin.com/li/track:0
[ 3788461ms] [ERROR] Failed to load resource: net::ERR_TIMED_OUT @ https://www.linkedin.com/li/track:0
[ 3789892ms] [ERROR] Failed to load resource: net::ERR_TIMED_OUT @ https://www.linkedin.com/li/track:0
[ 3790294ms] [ERROR] Failed to load resource: net::ERR_TIMED_OUT @ https://www.linkedin.com/li/track:0
[ 3797570ms] [ERROR] Failed to load resource: net::ERR_TIMED_OUT @ https://www.linkedin.com/li/track:0
[ 3800026ms] [ERROR] Failed to load resource: net::ERR_TIMED_OUT @ https://www.linkedin.com/li/track:0
[ 3802225ms] [ERROR] Failed to load resource: net::ERR_TIMED_OUT @ https://www.linkedin.com/li/track:0
[ 3806439ms] [ERROR] Failed to load resource: net::ERR_TIMED_OUT @ https://www.linkedin.com/li/track:0
[ 3807865ms] [ERROR] Failed to load resource: net::ERR_TIMED_OUT @ https://www.linkedin.com/li/track:0
[ 3808272ms] [ERROR] Failed to load resource: net::ERR_TIMED_OUT @ https://www.linkedin.com/li/track:0
[ 3815551ms] [ERROR] Failed to load resource: net::ERR_TIMED_OUT @ https://www.linkedin.com/li/track:0
[ 3817997ms] [ERROR] Failed to load resource: net::ERR_TIMED_OUT @ https://www.linkedin.com/li/track:0
[ 3820198ms] [ERROR] Failed to load resource: net::ERR_TIMED_OUT @ https://www.linkedin.com/li/track:0
[ 3824414ms] [ERROR] Failed to load resource: net::ERR_TIMED_OUT @ https://www.linkedin.com/li/track:0
[ 3825839ms] [ERROR] Failed to load resource: net::ERR_TIMED_OUT @ https://www.linkedin.com/li/track:0
[ 3826246ms] [ERROR] Failed to load resource: net::ERR_TIMED_OUT @ https://www.linkedin.com/li/track:0
[ 3833524ms] [ERROR] Failed to load resource: net::ERR_TIMED_OUT @ https://www.linkedin.com/li/track:0
[ 3835977ms] [ERROR] Failed to load resource: net::ERR_TIMED_OUT @ https://www.linkedin.com/li/track:0
[ 3838174ms] [ERROR] Failed to load resource: net::ERR_TIMED_OUT @ https://www.linkedin.com/li/track:0
[ 3842385ms] [ERROR] Failed to load resource: net::ERR_TIMED_OUT @ https://www.linkedin.com/li/track:0
[ 3843812ms] [ERROR] Failed to load resource: net::ERR_TIMED_OUT @ https://www.linkedin.com/li/track:0
[ 3844220ms] [ERROR] Failed to load resource: net::ERR_TIMED_OUT @ https://www.linkedin.com/li/track:0
[ 3851502ms] [ERROR] Failed to load resource: net::ERR_TIMED_OUT @ https://www.linkedin.com/li/track:0
[ 3853956ms] [ERROR] Failed to load resource: net::ERR_TIMED_OUT @ https://www.linkedin.com/li/track:0
[ 3856151ms] [ERROR] Failed to load resource: net::ERR_TIMED_OUT @ https://www.linkedin.com/li/track:0
[ 3860354ms] [ERROR] Failed to load resource: net::ERR_TIMED_OUT @ https://www.linkedin.com/li/track:0
[ 3861782ms] [ERROR] Failed to load resource: net::ERR_TIMED_OUT @ https://www.linkedin.com/li/track:0
[ 3862202ms] [ERROR] Failed to load resource: net::ERR_TIMED_OUT @ https://www.linkedin.com/li/track:0
[ 3869478ms] [ERROR] Failed to load resource: net::ERR_TIMED_OUT @ https://www.linkedin.com/li/track:0
[ 3871928ms] [ERROR] Failed to load resource: net::ERR_TIMED_OUT @ https://www.linkedin.com/li/track:0
[ 3874122ms] [ERROR] Failed to load resource: net::ERR_TIMED_OUT @ https://www.linkedin.com/li/track:0
[ 3878329ms] [ERROR] Failed to load resource: net::ERR_TIMED_OUT @ https://www.linkedin.com/li/track:0
[ 3879756ms] [ERROR] Failed to load resource: net::ERR_TIMED_OUT @ https://www.linkedin.com/li/track:0
[ 3880176ms] [ERROR] Failed to load resource: net::ERR_TIMED_OUT @ https://www.linkedin.com/li/track:0
[ 3887452ms] [ERROR] Failed to load resource: net::ERR_TIMED_OUT @ https://www.linkedin.com/li/track:0
[ 3889905ms] [ERROR] Failed to load resource: net::ERR_TIMED_OUT @ https://www.linkedin.com/li/track:0
[ 3892109ms] [ERROR] Failed to load resource: net::ERR_TIMED_OUT @ https://www.linkedin.com/li/track:0
[ 3896305ms] [ERROR] Failed to load resource: net::ERR_TIMED_OUT @ https://www.linkedin.com/li/track:0
[ 3897731ms] [ERROR] Failed to load resource: net::ERR_TIMED_OUT @ https://www.linkedin.com/li/track:0
[ 3898149ms] [ERROR] Failed to load resource: net::ERR_TIMED_OUT @ https://www.linkedin.com/li/track:0
[ 3905423ms] [ERROR] Failed to load resource: net::ERR_TIMED_OUT @ https://www.linkedin.com/li/track:0
[ 3907879ms] [ERROR] Failed to load resource: net::ERR_TIMED_OUT @ https://www.linkedin.com/li/track:0
[ 3910092ms] [ERROR] Failed to load resource: net::ERR_TIMED_OUT @ https://www.linkedin.com/li/track:0
[ 3914280ms] [ERROR] Failed to load resource: net::ERR_TIMED_OUT @ https://www.linkedin.com/li/track:0
[ 3915708ms] [ERROR] Failed to load resource: net::ERR_TIMED_OUT @ https://www.linkedin.com/li/track:0
[ 3916120ms] [ERROR] Failed to load resource: net::ERR_TIMED_OUT @ https://www.linkedin.com/li/track:0
[ 3923388ms] [ERROR] Failed to load resource: net::ERR_TIMED_OUT @ https://www.linkedin.com/li/track:0
[ 3925853ms] [ERROR] Failed to load resource: net::ERR_TIMED_OUT @ https://www.linkedin.com/li/track:0
[ 3928069ms] [ERROR] Failed to load resource: net::ERR_TIMED_OUT @ https://www.linkedin.com/li/track:0
[ 3932253ms] [ERROR] Failed to load resource: net::ERR_TIMED_OUT @ https://www.linkedin.com/li/track:0
[ 3933673ms] [ERROR] Failed to load resource: net::ERR_TIMED_OUT @ https://www.linkedin.com/li/track:0
[ 3934097ms] [ERROR] Failed to load resource: net::ERR_TIMED_OUT @ https://www.linkedin.com/li/track:0
[ 3941364ms] [ERROR] Failed to load resource: net::ERR_TIMED_OUT @ https://www.linkedin.com/li/track:0
[ 3943826ms] [ERROR] Failed to load resource: net::ERR_TIMED_OUT @ https://www.linkedin.com/li/track:0
[ 3946040ms] [ERROR] Failed to load resource: net::ERR_TIMED_OUT @ https://www.linkedin.com/li/track:0
[ 3950231ms] [ERROR] Failed to load resource: net::ERR_TIMED_OUT @ https://www.linkedin.com/li/track:0
[ 3951648ms] [ERROR] Failed to load resource: net::ERR_TIMED_OUT @ https://www.linkedin.com/li/track:0
[ 3952070ms] [ERROR] Failed to load resource: net::ERR_TIMED_OUT @ https://www.linkedin.com/li/track:0
[ 3959322ms] [ERROR] Failed to load resource: net::ERR_TIMED_OUT @ https://www.linkedin.com/li/track:0
[ 3961798ms] [ERROR] Failed to load resource: net::ERR_TIMED_OUT @ https://www.linkedin.com/li/track:0
[ 3964012ms] [ERROR] Failed to load resource: net::ERR_TIMED_OUT @ https://www.linkedin.com/li/track:0
[ 3968202ms] [ERROR] Failed to load resource: net::ERR_TIMED_OUT @ https://www.linkedin.com/li/track:0
[ 3969621ms] [ERROR] Failed to load resource: net::ERR_TIMED_OUT @ https://www.linkedin.com/li/track:0
[ 3970044ms] [ERROR] Failed to load resource: net::ERR_TIMED_OUT @ https://www.linkedin.com/li/track:0
[ 3977304ms] [ERROR] Failed to load resource: net::ERR_TIMED_OUT @ https://www.linkedin.com/li/track:0
[ 3979767ms] [ERROR] Failed to load resource: net::ERR_TIMED_OUT @ https://www.linkedin.com/li/track:0
[ 3981987ms] [ERROR] Failed to load resource: net::ERR_TIMED_OUT @ https://www.linkedin.com/li/track:0
[ 3986177ms] [ERROR] Failed to load resource: net::ERR_TIMED_OUT @ https://www.linkedin.com/li/track:0
[ 3987593ms] [ERROR] Failed to load resource: net::ERR_TIMED_OUT @ https://www.linkedin.com/li/track:0
[ 3988022ms] [ERROR] Failed to load resource: net::ERR_TIMED_OUT @ https://www.linkedin.com/li/track:0
[ 3995276ms] [ERROR] Failed to load resource: net::ERR_TIMED_OUT @ https://www.linkedin.com/li/track:0
[ 3997740ms] [ERROR] Failed to load resource: net::ERR_TIMED_OUT @ https://www.linkedin.com/li/track:0
[ 3999954ms] [ERROR] Failed to load resource: net::ERR_TIMED_OUT @ https://www.linkedin.com/li/track:0
[ 4004153ms] [ERROR] Failed to load resource: net::ERR_TIMED_OUT @ https://www.linkedin.com/li/track:0
[ 4005569ms] [ERROR] Failed to load resource: net::ERR_TIMED_OUT @ https://www.linkedin.com/li/track:0
[ 4005992ms] [ERROR] Failed to load resource: net::ERR_TIMED_OUT @ https://www.linkedin.com/li/track:0
[ 4013247ms] [ERROR] Failed to load resource: net::ERR_TIMED_OUT @ https://www.linkedin.com/li/track:0
[ 4015716ms] [ERROR] Failed to load resource: net::ERR_TIMED_OUT @ https://www.linkedin.com/li/track:0
[ 4017927ms] [ERROR] Failed to load resource: net::ERR_TIMED_OUT @ https://www.linkedin.com/li/track:0
[ 4022129ms] [ERROR] Failed to load resource: net::ERR_TIMED_OUT @ https://www.linkedin.com/li/track:0
[ 4023541ms] [ERROR] Failed to load resource: net::ERR_TIMED_OUT @ https://www.linkedin.com/li/track:0
[ 4023971ms] [ERROR] Failed to load resource: net::ERR_TIMED_OUT @ https://www.linkedin.com/li/track:0
[ 4031223ms] [ERROR] Failed to load resource: net::ERR_TIMED_OUT @ https://www.linkedin.com/li/track:0
[ 4033689ms] [ERROR] Failed to load resource: net::ERR_TIMED_OUT @ https://www.linkedin.com/li/track:0
[ 4035900ms] [ERROR] Failed to load resource: net::ERR_TIMED_OUT @ https://www.linkedin.com/li/track:0
[ 4040096ms] [ERROR] Failed to load resource: net::ERR_TIMED_OUT @ https://www.linkedin.com/li/track:0
[ 4041517ms] [ERROR] Failed to load resource: net::ERR_TIMED_OUT @ https://www.linkedin.com/li/track:0
[ 4041955ms] [ERROR] Failed to load resource: net::ERR_TIMED_OUT @ https://www.linkedin.com/li/track:0
[ 4049195ms] [ERROR] Failed to load resource: net::ERR_TIMED_OUT @ https://www.linkedin.com/li/track:0
[ 4051664ms] [ERROR] Failed to load resource: net::ERR_TIMED_OUT @ https://www.linkedin.com/li/track:0
[ 4053880ms] [ERROR] Failed to load resource: net::ERR_TIMED_OUT @ https://www.linkedin.com/li/track:0
[ 4058061ms] [ERROR] Failed to load resource: net::ERR_TIMED_OUT @ https://www.linkedin.com/li/track:0
[ 4059496ms] [ERROR] Failed to load resource: net::ERR_TIMED_OUT @ https://www.linkedin.com/li/track:0
[ 4059932ms] [ERROR] Failed to load resource: net::ERR_TIMED_OUT @ https://www.linkedin.com/li/track:0
[ 4067180ms] [ERROR] Failed to load resource: net::ERR_TIMED_OUT @ https://www.linkedin.com/li/track:0
[ 4069634ms] [ERROR] Failed to load resource: net::ERR_TIMED_OUT @ https://www.linkedin.com/li/track:0
[ 4071857ms] [ERROR] Failed to load resource: net::ERR_TIMED_OUT @ https://www.linkedin.com/li/track:0
[ 4076038ms] [ERROR] Failed to load resource: net::ERR_TIMED_OUT @ https://www.linkedin.com/li/track:0
[ 4077466ms] [ERROR] Failed to load resource: net::ERR_TIMED_OUT @ https://www.linkedin.com/li/track:0
[ 4077903ms] [ERROR] Failed to load resource: net::ERR_TIMED_OUT @ https://www.linkedin.com/li/track:0
[ 4085151ms] [ERROR] Failed to load resource: net::ERR_TIMED_OUT @ https://www.linkedin.com/li/track:0
[ 4087615ms] [ERROR] Failed to load resource: net::ERR_TIMED_OUT @ https://www.linkedin.com/li/track:0
[ 4089833ms] [ERROR] Failed to load resource: net::ERR_TIMED_OUT @ https://www.linkedin.com/li/track:0
[ 4094010ms] [ERROR] Failed to load resource: net::ERR_TIMED_OUT @ https://www.linkedin.com/li/track:0
[ 4095441ms] [ERROR] Failed to load resource: net::ERR_TIMED_OUT @ https://www.linkedin.com/li/track:0
[ 4095873ms] [ERROR] Failed to load resource: net::ERR_TIMED_OUT @ https://www.linkedin.com/li/track:0
[ 4103130ms] [ERROR] Failed to load resource: net::ERR_TIMED_OUT @ https://www.linkedin.com/li/track:0
[ 4105596ms] [ERROR] Failed to load resource: net::ERR_TIMED_OUT @ https://www.linkedin.com/li/track:0
[ 4107808ms] [ERROR] Failed to load resource: net::ERR_TIMED_OUT @ https://www.linkedin.com/li/track:0
[ 4111980ms] [ERROR] Failed to load resource: net::ERR_TIMED_OUT @ https://www.linkedin.com/li/track:0
[ 4113406ms] [ERROR] Failed to load resource: net::ERR_TIMED_OUT @ https://www.linkedin.com/li/track:0
[ 4113842ms] [ERROR] Failed to load resource: net::ERR_TIMED_OUT @ https://www.linkedin.com/li/track:0
[ 4121100ms] [ERROR] Failed to load resource: net::ERR_TIMED_OUT @ https://www.linkedin.com/li/track:0
[ 4123569ms] [ERROR] Failed to load resource: net::ERR_TIMED_OUT @ https://www.linkedin.com/li/track:0
[ 4125773ms] [ERROR] Failed to load resource: net::ERR_TIMED_OUT @ https://www.linkedin.com/li/track:0
[ 4129965ms] [ERROR] Failed to load resource: net::ERR_TIMED_OUT @ https://www.linkedin.com/li/track:0
[ 4131381ms] [ERROR] Failed to load resource: net::ERR_TIMED_OUT @ https://www.linkedin.com/li/track:0
[ 4131819ms] [ERROR] Failed to load resource: net::ERR_TIMED_OUT @ https://www.linkedin.com/li/track:0
[ 4139068ms] [ERROR] Failed to load resource: net::ERR_TIMED_OUT @ https://www.linkedin.com/li/track:0
[ 4141548ms] [ERROR] Failed to load resource: net::ERR_TIMED_OUT @ https://www.linkedin.com/li/track:0
[ 4143747ms] [ERROR] Failed to load resource: net::ERR_TIMED_OUT @ https://www.linkedin.com/li/track:0
[ 4147934ms] [ERROR] Failed to load resource: net::ERR_TIMED_OUT @ https://www.linkedin.com/li/track:0
[ 4149355ms] [ERROR] Failed to load resource: net::ERR_TIMED_OUT @ https://www.linkedin.com/li/track:0
[ 4149785ms] [ERROR] Failed to load resource: net::ERR_TIMED_OUT @ https://www.linkedin.com/li/track:0
[ 4157040ms] [ERROR] Failed to load resource: net::ERR_TIMED_OUT @ https://www.linkedin.com/li/track:0
[ 4160871ms] [ERROR] Failed to load resource: net::ERR_TIMED_OUT @ https://www.linkedin.com/li/track:0
[ 4161714ms] [ERROR] Failed to load resource: net::ERR_TIMED_OUT @ https://www.linkedin.com/li/track:0
[ 4165907ms] [ERROR] Failed to load resource: net::ERR_TIMED_OUT @ https://www.linkedin.com/li/track:0
[ 4167337ms] [ERROR] Failed to load resource: net::ERR_TIMED_OUT @ https://www.linkedin.com/li/track:0
[ 4167759ms] [ERROR] Failed to load resource: net::ERR_TIMED_OUT @ https://www.linkedin.com/li/track:0
[ 4178850ms] [ERROR] Failed to load resource: net::ERR_TIMED_OUT @ https://www.linkedin.com/li/track:0
[ 4179679ms] [ERROR] Failed to load resource: net::ERR_TIMED_OUT @ https://www.linkedin.com/li/track:0
[ 4183880ms] [ERROR] Failed to load resource: net::ERR_TIMED_OUT @ https://www.linkedin.com/li/track:0
[ 4185307ms] [ERROR] Failed to load resource: net::ERR_TIMED_OUT @ https://www.linkedin.com/li/track:0
[ 4185745ms] [ERROR] Failed to load resource: net::ERR_TIMED_OUT @ https://www.linkedin.com/li/track:0
[ 4187131ms] [ERROR] Failed to load resource: net::ERR_TIMED_OUT @ https://www.linkedin.com/li/track:0
[ 4196822ms] [ERROR] Failed to load resource: net::ERR_TIMED_OUT @ https://www.linkedin.com/li/track:0
[ 4197655ms] [ERROR] Failed to load resource: net::ERR_TIMED_OUT @ https://www.linkedin.com/li/track:0
[ 4201845ms] [ERROR] Failed to load resource: net::ERR_TIMED_OUT @ https://www.linkedin.com/li/track:0
[ 4203280ms] [ERROR] Failed to load resource: net::ERR_TIMED_OUT @ https://www.linkedin.com/li/track:0
[ 4203720ms] [ERROR] Failed to load resource: net::ERR_TIMED_OUT @ https://www.linkedin.com/li/track:0
[ 4205100ms] [ERROR] Failed to load resource: net::ERR_TIMED_OUT @ https://www.linkedin.com/li/track:0
[ 4214795ms] [ERROR] Failed to load resource: net::ERR_TIMED_OUT @ https://www.linkedin.com/li/track:0
[ 4215624ms] [ERROR] Failed to load resource: net::ERR_TIMED_OUT @ https://www.linkedin.com/li/track:0
[ 4219819ms] [ERROR] Failed to load resource: net::ERR_TIMED_OUT @ https://www.linkedin.com/li/track:0
[ 4221256ms] [ERROR] Failed to load resource: net::ERR_TIMED_OUT @ https://www.linkedin.com/li/track:0
[ 4221688ms] [ERROR] Failed to load resource: net::ERR_TIMED_OUT @ https://www.linkedin.com/li/track:0
[ 4223082ms] [ERROR] Failed to load resource: net::ERR_TIMED_OUT @ https://www.linkedin.com/li/track:0
[ 4232769ms] [ERROR] Failed to load resource: net::ERR_TIMED_OUT @ https://www.linkedin.com/li/track:0
[ 4233597ms] [ERROR] Failed to load resource: net::ERR_TIMED_OUT @ https://www.linkedin.com/li/track:0
[ 4237803ms] [ERROR] Failed to load resource: net::ERR_TIMED_OUT @ https://www.linkedin.com/li/track:0
[ 4239232ms] [ERROR] Failed to load resource: net::ERR_TIMED_OUT @ https://www.linkedin.com/li/track:0
[ 4239667ms] [ERROR] Failed to load resource: net::ERR_TIMED_OUT @ https://www.linkedin.com/li/track:0
[ 4241054ms] [ERROR] Failed to load resource: net::ERR_TIMED_OUT @ https://www.linkedin.com/li/track:0
[ 4250741ms] [ERROR] Failed to load resource: net::ERR_TIMED_OUT @ https://www.linkedin.com/li/track:0
[ 4251578ms] [ERROR] Failed to load resource: net::ERR_TIMED_OUT @ https://www.linkedin.com/li/track:0
[ 4255780ms] [ERROR] Failed to load resource: net::ERR_TIMED_OUT @ https://www.linkedin.com/li/track:0
[ 4257208ms] [ERROR] Failed to load resource: net::ERR_TIMED_OUT @ https://www.linkedin.com/li/track:0
[ 4257648ms] [ERROR] Failed to load resource: net::ERR_TIMED_OUT @ https://www.linkedin.com/li/track:0
[ 4259026ms] [ERROR] Failed to load resource: net::ERR_TIMED_OUT @ https://www.linkedin.com/li/track:0
[ 4268717ms] [ERROR] Failed to load resource: net::ERR_TIMED_OUT @ https://www.linkedin.com/li/track:0
[ 4269550ms] [ERROR] Failed to load resource: net::ERR_TIMED_OUT @ https://www.linkedin.com/li/track:0
[ 4273757ms] [ERROR] Failed to load resource: net::ERR_TIMED_OUT @ https://www.linkedin.com/li/track:0
[ 4275190ms] [ERROR] Failed to load resource: net::ERR_TIMED_OUT @ https://www.linkedin.com/li/track:0
[ 4275622ms] [ERROR] Failed to load resource: net::ERR_TIMED_OUT @ https://www.linkedin.com/li/track:0
[ 4277000ms] [ERROR] Failed to load resource: net::ERR_TIMED_OUT @ https://www.linkedin.com/li/track:0
[ 4286692ms] [ERROR] Failed to load resource: net::ERR_TIMED_OUT @ https://www.linkedin.com/li/track:0
[ 4287521ms] [ERROR] Failed to load resource: net::ERR_TIMED_OUT @ https://www.linkedin.com/li/track:0
[ 4291732ms] [ERROR] Failed to load resource: net::ERR_TIMED_OUT @ https://www.linkedin.com/li/track:0
[ 4293161ms] [ERROR] Failed to load resource: net::ERR_TIMED_OUT @ https://www.linkedin.com/li/track:0
[ 4293600ms] [ERROR] Failed to load resource: net::ERR_TIMED_OUT @ https://www.linkedin.com/li/track:0
[ 4294973ms] [ERROR] Failed to load resource: net::ERR_TIMED_OUT @ https://www.linkedin.com/li/track:0
[ 4304664ms] [ERROR] Failed to load resource: net::ERR_TIMED_OUT @ https://www.linkedin.com/li/track:0
[ 4305493ms] [ERROR] Failed to load resource: net::ERR_TIMED_OUT @ https://www.linkedin.com/li/track:0
[ 4309706ms] [ERROR] Failed to load resource: net::ERR_TIMED_OUT @ https://www.linkedin.com/li/track:0
[ 4311129ms] [ERROR] Failed to load resource: net::ERR_TIMED_OUT @ https://www.linkedin.com/li/track:0
[ 4311568ms] [ERROR] Failed to load resource: net::ERR_TIMED_OUT @ https://www.linkedin.com/li/track:0
[ 4312944ms] [ERROR] Failed to load resource: net::ERR_TIMED_OUT @ https://www.linkedin.com/li/track:0
[ 4322643ms] [ERROR] Failed to load resource: net::ERR_TIMED_OUT @ https://www.linkedin.com/li/track:0
[ 4323466ms] [ERROR] Failed to load resource: net::ERR_TIMED_OUT @ https://www.linkedin.com/li/track:0
[ 4327677ms] [ERROR] Failed to load resource: net::ERR_TIMED_OUT @ https://www.linkedin.com/li/track:0
[ 4329111ms] [ERROR] Failed to load resource: net::ERR_TIMED_OUT @ https://www.linkedin.com/li/track:0
[ 4329548ms] [ERROR] Failed to load resource: net::ERR_TIMED_OUT @ https://www.linkedin.com/li/track:0
[ 4330914ms] [ERROR] Failed to load resource: net::ERR_TIMED_OUT @ https://www.linkedin.com/li/track:0
[ 4340621ms] [ERROR] Failed to load resource: net::ERR_TIMED_OUT @ https://www.linkedin.com/li/track:0
[ 4341439ms] [ERROR] Failed to load resource: net::ERR_TIMED_OUT @ https://www.linkedin.com/li/track:0
[ 4345648ms] [ERROR] Failed to load resource: net::ERR_TIMED_OUT @ https://www.linkedin.com/li/track:0
[ 4347080ms] [ERROR] Failed to load resource: net::ERR_TIMED_OUT @ https://www.linkedin.com/li/track:0
[ 4347524ms] [ERROR] Failed to load resource: net::ERR_TIMED_OUT @ https://www.linkedin.com/li/track:0
[ 4348891ms] [ERROR] Failed to load resource: net::ERR_TIMED_OUT @ https://www.linkedin.com/li/track:0
[ 4358592ms] [ERROR] Failed to load resource: net::ERR_TIMED_OUT @ https://www.linkedin.com/li/track:0
[ 4359410ms] [ERROR] Failed to load resource: net::ERR_TIMED_OUT @ https://www.linkedin.com/li/track:0
[ 4363623ms] [ERROR] Failed to load resource: net::ERR_TIMED_OUT @ https://www.linkedin.com/li/track:0
[ 4365052ms] [ERROR] Failed to load resource: net::ERR_TIMED_OUT @ https://www.linkedin.com/li/track:0
[ 4365503ms] [ERROR] Failed to load resource: net::ERR_TIMED_OUT @ https://www.linkedin.com/li/track:0
[ 4366869ms] [ERROR] Failed to load resource: net::ERR_TIMED_OUT @ https://www.linkedin.com/li/track:0
[ 4376563ms] [ERROR] Failed to load resource: net::ERR_TIMED_OUT @ https://www.linkedin.com/li/track:0
[ 4377387ms] [ERROR] Failed to load resource: net::ERR_TIMED_OUT @ https://www.linkedin.com/li/track:0
[ 4381595ms] [ERROR] Failed to load resource: net::ERR_TIMED_OUT @ https://www.linkedin.com/li/track:0
[ 4383021ms] [ERROR] Failed to load resource: net::ERR_TIMED_OUT @ https://www.linkedin.com/li/track:0
[ 4383471ms] [ERROR] Failed to load resource: net::ERR_TIMED_OUT @ https://www.linkedin.com/li/track:0
[ 4384839ms] [ERROR] Failed to load resource: net::ERR_TIMED_OUT @ https://www.linkedin.com/li/track:0
[ 4394543ms] [ERROR] Failed to load resource: net::ERR_TIMED_OUT @ https://www.linkedin.com/li/track:0
[ 4395353ms] [ERROR] Failed to load resource: net::ERR_TIMED_OUT @ https://www.linkedin.com/li/track:0
[ 4400178ms] [ERROR] Failed to load resource: net::ERR_TIMED_OUT @ https://www.linkedin.com/li/track:0
[ 4401801ms] [ERROR] Failed to load resource: net::ERR_TIMED_OUT @ https://www.linkedin.com/li/track:0
[ 4401994ms] [ERROR] Failed to load resource: net::ERR_TIMED_OUT @ https://www.linkedin.com/li/track:0
[ 4402806ms] [ERROR] Failed to load resource: net::ERR_TIMED_OUT @ https://www.linkedin.com/li/track:0
[ 4412517ms] [ERROR] Failed to load resource: net::ERR_TIMED_OUT @ https://www.linkedin.com/li/track:0
[ 4413325ms] [ERROR] Failed to load resource: net::ERR_TIMED_OUT @ https://www.linkedin.com/li/track:0
[ 4418154ms] [ERROR] Failed to load resource: net::ERR_TIMED_OUT @ https://www.linkedin.com/li/track:0
[ 4419779ms] [ERROR] Failed to load resource: net::ERR_TIMED_OUT @ https://www.linkedin.com/li/track:0
[ 4419965ms] [ERROR] Failed to load resource: net::ERR_TIMED_OUT @ https://www.linkedin.com/li/track:0
[ 4421781ms] [ERROR] Failed to load resource: net::ERR_TIMED_OUT @ https://www.linkedin.com/li/track:0
[ 4430497ms] [ERROR] Failed to load resource: net::ERR_TIMED_OUT @ https://www.linkedin.com/li/track:0
[ 4431305ms] [ERROR] Failed to load resource: net::ERR_TIMED_OUT @ https://www.linkedin.com/li/track:0
[ 4436124ms] [ERROR] Failed to load resource: net::ERR_TIMED_OUT @ https://www.linkedin.com/li/track:0
[ 4437749ms] [ERROR] Failed to load resource: net::ERR_TIMED_OUT @ https://www.linkedin.com/li/track:0
[ 4437944ms] [ERROR] Failed to load resource: net::ERR_TIMED_OUT @ https://www.linkedin.com/li/track:0
[ 4439755ms] [ERROR] Failed to load resource: net::ERR_TIMED_OUT @ https://www.linkedin.com/li/track:0
[ 4448471ms] [ERROR] Failed to load resource: net::ERR_TIMED_OUT @ https://www.linkedin.com/li/track:0
[ 4449283ms] [ERROR] Failed to load resource: net::ERR_TIMED_OUT @ https://www.linkedin.com/li/track:0
[ 4454098ms] [ERROR] Failed to load resource: net::ERR_TIMED_OUT @ https://www.linkedin.com/li/track:0
[ 4455914ms] [ERROR] Failed to load resource: net::ERR_TIMED_OUT @ https://www.linkedin.com/li/track:0
[ 4456719ms] [ERROR] Failed to load resource: net::ERR_TIMED_OUT @ https://www.linkedin.com/li/track:0
[ 4457726ms] [ERROR] Failed to load resource: net::ERR_TIMED_OUT @ https://www.linkedin.com/li/track:0
[ 4466442ms] [ERROR] Failed to load resource: net::ERR_TIMED_OUT @ https://www.linkedin.com/li/track:0
[ 4468262ms] [ERROR] Failed to load resource: net::ERR_TIMED_OUT @ https://www.linkedin.com/li/track:0
[ 4472071ms] [ERROR] Failed to load resource: net::ERR_TIMED_OUT @ https://www.linkedin.com/li/track:0
[ 4473892ms] [ERROR] Failed to load resource: net::ERR_TIMED_OUT @ https://www.linkedin.com/li/track:0
[ 4474691ms] [ERROR] Failed to load resource: net::ERR_TIMED_OUT @ https://www.linkedin.com/li/track:0
[ 4475704ms] [ERROR] Failed to load resource: net::ERR_TIMED_OUT @ https://www.linkedin.com/li/track:0
[ 4484417ms] [ERROR] Failed to load resource: net::ERR_TIMED_OUT @ https://www.linkedin.com/li/track:0
[ 4486243ms] [ERROR] Failed to load resource: net::ERR_TIMED_OUT @ https://www.linkedin.com/li/track:0
[ 4490057ms] [ERROR] Failed to load resource: net::ERR_TIMED_OUT @ https://www.linkedin.com/li/track:0
[ 4491871ms] [ERROR] Failed to load resource: net::ERR_TIMED_OUT @ https://www.linkedin.com/li/track:0
[ 4492664ms] [ERROR] Failed to load resource: net::ERR_TIMED_OUT @ https://www.linkedin.com/li/track:0
[ 4493678ms] [ERROR] Failed to load resource: net::ERR_TIMED_OUT @ https://www.linkedin.com/li/track:0
[ 4502393ms] [ERROR] Failed to load resource: net::ERR_TIMED_OUT @ https://www.linkedin.com/li/track:0
[ 4504210ms] [ERROR] Failed to load resource: net::ERR_TIMED_OUT @ https://www.linkedin.com/li/track:0
[ 4508027ms] [ERROR] Failed to load resource: net::ERR_TIMED_OUT @ https://www.linkedin.com/li/track:0
[ 4509840ms] [ERROR] Failed to load resource: net::ERR_TIMED_OUT @ https://www.linkedin.com/li/track:0
[ 4510637ms] [ERROR] Failed to load resource: net::ERR_TIMED_OUT @ https://www.linkedin.com/li/track:0
[ 4511654ms] [ERROR] Failed to load resource: net::ERR_TIMED_OUT @ https://www.linkedin.com/li/track:0
[ 4521364ms] [ERROR] Failed to load resource: net::ERR_TIMED_OUT @ https://www.linkedin.com/li/track:0
[ 4522180ms] [ERROR] Failed to load resource: net::ERR_TIMED_OUT @ https://www.linkedin.com/li/track:0
[ 4526013ms] [ERROR] Failed to load resource: net::ERR_TIMED_OUT @ https://www.linkedin.com/li/track:0
[ 4527813ms] [ERROR] Failed to load resource: net::ERR_TIMED_OUT @ https://www.linkedin.com/li/track:0
[ 4528619ms] [ERROR] Failed to load resource: net::ERR_TIMED_OUT @ https://www.linkedin.com/li/track:0
[ 4529633ms] [ERROR] Failed to load resource: net::ERR_TIMED_OUT @ https://www.linkedin.com/li/track:0
[ 4539343ms] [ERROR] Failed to load resource: net::ERR_TIMED_OUT @ https://www.linkedin.com/li/track:0
[ 4540153ms] [ERROR] Failed to load resource: net::ERR_TIMED_OUT @ https://www.linkedin.com/li/track:0
[ 4543984ms] [ERROR] Failed to load resource: net::ERR_TIMED_OUT @ https://www.linkedin.com/li/track:0
[ 4545786ms] [ERROR] Failed to load resource: net::ERR_TIMED_OUT @ https://www.linkedin.com/li/track:0
[ 4546601ms] [ERROR] Failed to load resource: net::ERR_TIMED_OUT @ https://www.linkedin.com/li/track:0
[ 4547607ms] [ERROR] Failed to load resource: net::ERR_TIMED_OUT @ https://www.linkedin.com/li/track:0
[ 4557313ms] [ERROR] Failed to load resource: net::ERR_TIMED_OUT @ https://www.linkedin.com/li/track:0
[ 4558129ms] [ERROR] Failed to load resource: net::ERR_TIMED_OUT @ https://www.linkedin.com/li/track:0
[ 4561958ms] [ERROR] Failed to load resource: net::ERR_TIMED_OUT @ https://www.linkedin.com/li/track:0
[ 4563759ms] [ERROR] Failed to load resource: net::ERR_TIMED_OUT @ https://www.linkedin.com/li/track:0
[ 4564576ms] [ERROR] Failed to load resource: net::ERR_TIMED_OUT @ https://www.linkedin.com/li/track:0
[ 4565581ms] [ERROR] Failed to load resource: net::ERR_TIMED_OUT @ https://www.linkedin.com/li/track:0
[ 4575285ms] [ERROR] Failed to load resource: net::ERR_TIMED_OUT @ https://www.linkedin.com/li/track:0
[ 4576105ms] [ERROR] Failed to load resource: net::ERR_TIMED_OUT @ https://www.linkedin.com/li/track:0
[ 4579929ms] [ERROR] Failed to load resource: net::ERR_TIMED_OUT @ https://www.linkedin.com/li/track:0
[ 4581729ms] [ERROR] Failed to load resource: net::ERR_TIMED_OUT @ https://www.linkedin.com/li/track:0
[ 4582554ms] [ERROR] Failed to load resource: net::ERR_TIMED_OUT @ https://www.linkedin.com/li/track:0
[ 4583552ms] [ERROR] Failed to load resource: net::ERR_TIMED_OUT @ https://www.linkedin.com/li/track:0
[ 4593269ms] [ERROR] Failed to load resource: net::ERR_TIMED_OUT @ https://www.linkedin.com/li/track:0
[ 4594076ms] [ERROR] Failed to load resource: net::ERR_TIMED_OUT @ https://www.linkedin.com/li/track:0
[ 4597911ms] [ERROR] Failed to load resource: net::ERR_TIMED_OUT @ https://www.linkedin.com/li/track:0
[ 4599692ms] [ERROR] Failed to load resource: net::ERR_TIMED_OUT @ https://www.linkedin.com/li/track:0
[ 4600532ms] [ERROR] Failed to load resource: net::ERR_TIMED_OUT @ https://www.linkedin.com/li/track:0
[ 4601522ms] [ERROR] Failed to load resource: net::ERR_TIMED_OUT @ https://www.linkedin.com/li/track:0
[ 4611243ms] [ERROR] Failed to load resource: net::ERR_TIMED_OUT @ https://www.linkedin.com/li/track:0
[ 4612057ms] [ERROR] Failed to load resource: net::ERR_TIMED_OUT @ https://www.linkedin.com/li/track:0
[ 4615885ms] [ERROR] Failed to load resource: net::ERR_TIMED_OUT @ https://www.linkedin.com/li/track:0
[ 4617670ms] [ERROR] Failed to load resource: net::ERR_TIMED_OUT @ https://www.linkedin.com/li/track:0
[ 4618507ms] [ERROR] Failed to load resource: net::ERR_TIMED_OUT @ https://www.linkedin.com/li/track:0
[ 4619501ms] [ERROR] Failed to load resource: net::ERR_TIMED_OUT @ https://www.linkedin.com/li/track:0
[ 4629217ms] [ERROR] Failed to load resource: net::ERR_TIMED_OUT @ https://www.linkedin.com/li/track:0
[ 4630028ms] [ERROR] Failed to load resource: net::ERR_TIMED_OUT @ https://www.linkedin.com/li/track:0
[ 4633856ms] [ERROR] Failed to load resource: net::ERR_TIMED_OUT @ https://www.linkedin.com/li/track:0
[ 4635646ms] [ERROR] Failed to load resource: net::ERR_TIMED_OUT @ https://www.linkedin.com/li/track:0
[ 4636476ms] [ERROR] Failed to load resource: net::ERR_TIMED_OUT @ https://www.linkedin.com/li/track:0
[ 4637476ms] [ERROR] Failed to load resource: net::ERR_TIMED_OUT @ https://www.linkedin.com/li/track:0
[ 4647191ms] [ERROR] Failed to load resource: net::ERR_TIMED_OUT @ https://www.linkedin.com/li/track:0
[ 4648012ms] [ERROR] Failed to load resource: net::ERR_TIMED_OUT @ https://www.linkedin.com/li/track:0
[ 4651830ms] [ERROR] Failed to load resource: net::ERR_TIMED_OUT @ https://www.linkedin.com/li/track:0
[ 4653623ms] [ERROR] Failed to load resource: net::ERR_TIMED_OUT @ https://www.linkedin.com/li/track:0
[ 4654457ms] [ERROR] Failed to load resource: net::ERR_TIMED_OUT @ https://www.linkedin.com/li/track:0
[ 4655455ms] [ERROR] Failed to load resource: net::ERR_TIMED_OUT @ https://www.linkedin.com/li/track:0
[ 4665167ms] [ERROR] Failed to load resource: net::ERR_TIMED_OUT @ https://www.linkedin.com/li/track:0
[ 4665988ms] [ERROR] Failed to load resource: net::ERR_TIMED_OUT @ https://www.linkedin.com/li/track:0
[ 4669805ms] [ERROR] Failed to load resource: net::ERR_TIMED_OUT @ https://www.linkedin.com/li/track:0
[ 4672433ms] [ERROR] Failed to load resource: net::ERR_TIMED_OUT @ https://www.linkedin.com/li/track:0
[ 4672602ms] [ERROR] Failed to load resource: net::ERR_TIMED_OUT @ https://www.linkedin.com/li/track:0
[ 4673422ms] [ERROR] Failed to load resource: net::ERR_TIMED_OUT @ https://www.linkedin.com/li/track:0
[ 4683140ms] [ERROR] Failed to load resource: net::ERR_TIMED_OUT @ https://www.linkedin.com/li/track:0
[ 4683963ms] [ERROR] Failed to load resource: net::ERR_TIMED_OUT @ https://www.linkedin.com/li/track:0
[ 4687783ms] [ERROR] Failed to load resource: net::ERR_TIMED_OUT @ https://www.linkedin.com/li/track:0
[ 4690405ms] [ERROR] Failed to load resource: net::ERR_TIMED_OUT @ https://www.linkedin.com/li/track:0
[ 4690582ms] [ERROR] Failed to load resource: net::ERR_TIMED_OUT @ https://www.linkedin.com/li/track:0
[ 4691397ms] [ERROR] Failed to load resource: net::ERR_TIMED_OUT @ https://www.linkedin.com/li/track:0
[ 4701117ms] [ERROR] Failed to load resource: net::ERR_TIMED_OUT @ https://www.linkedin.com/li/track:0
[ 4701937ms] [ERROR] Failed to load resource: net::ERR_TIMED_OUT @ https://www.linkedin.com/li/track:0
[ 4705771ms] [ERROR] Failed to load resource: net::ERR_TIMED_OUT @ https://www.linkedin.com/li/track:0
[ 4708378ms] [ERROR] Failed to load resource: net::ERR_TIMED_OUT @ https://www.linkedin.com/li/track:0
[ 4708556ms] [ERROR] Failed to load resource: net::ERR_TIMED_OUT @ https://www.linkedin.com/li/track:0
[ 4709370ms] [ERROR] Failed to load resource: net::ERR_TIMED_OUT @ https://www.linkedin.com/li/track:0
[ 4719087ms] [ERROR] Failed to load resource: net::ERR_TIMED_OUT @ https://www.linkedin.com/li/track:0
[ 4719911ms] [ERROR] Failed to load resource: net::ERR_TIMED_OUT @ https://www.linkedin.com/li/track:0
[ 4723743ms] [ERROR] Failed to load resource: net::ERR_TIMED_OUT @ https://www.linkedin.com/li/track:0
[ 4726347ms] [ERROR] Failed to load resource: net::ERR_TIMED_OUT @ https://www.linkedin.com/li/track:0
[ 4726537ms] [ERROR] Failed to load resource: net::ERR_TIMED_OUT @ https://www.linkedin.com/li/track:0
[ 4727355ms] [ERROR] Failed to load resource: net::ERR_TIMED_OUT @ https://www.linkedin.com/li/track:0
[ 4737061ms] [ERROR] Failed to load resource: net::ERR_TIMED_OUT @ https://www.linkedin.com/li/track:0
[ 4737888ms] [ERROR] Failed to load resource: net::ERR_TIMED_OUT @ https://www.linkedin.com/li/track:0
[ 4741722ms] [ERROR] Failed to load resource: net::ERR_TIMED_OUT @ https://www.linkedin.com/li/track:0
[ 4744324ms] [ERROR] Failed to load resource: net::ERR_TIMED_OUT @ https://www.linkedin.com/li/track:0
[ 4744512ms] [ERROR] Failed to load resource: net::ERR_TIMED_OUT @ https://www.linkedin.com/li/track:0
[ 4745323ms] [ERROR] Failed to load resource: net::ERR_TIMED_OUT @ https://www.linkedin.com/li/track:0
[ 4755035ms] [ERROR] Failed to load resource: net::ERR_TIMED_OUT @ https://www.linkedin.com/li/track:0
[ 4755861ms] [ERROR] Failed to load resource: net::ERR_TIMED_OUT @ https://www.linkedin.com/li/track:0
[ 4760190ms] [ERROR] Failed to load resource: net::ERR_TIMED_OUT @ https://www.linkedin.com/li/track:0
[ 4762296ms] [ERROR] Failed to load resource: net::ERR_TIMED_OUT @ https://www.linkedin.com/li/track:0
[ 4762486ms] [ERROR] Failed to load resource: net::ERR_TIMED_OUT @ https://www.linkedin.com/li/track:0
[ 4763301ms] [ERROR] Failed to load resource: net::ERR_TIMED_OUT @ https://www.linkedin.com/li/track:0
[ 4773007ms] [ERROR] Failed to load resource: net::ERR_TIMED_OUT @ https://www.linkedin.com/li/track:0
[ 4773833ms] [ERROR] Failed to load resource: net::ERR_TIMED_OUT @ https://www.linkedin.com/li/track:0
[ 4778162ms] [ERROR] Failed to load resource: net::ERR_TIMED_OUT @ https://www.linkedin.com/li/track:0
[ 4780266ms] [ERROR] Failed to load resource: net::ERR_TIMED_OUT @ https://www.linkedin.com/li/track:0
[ 4780460ms] [ERROR] Failed to load resource: net::ERR_TIMED_OUT @ https://www.linkedin.com/li/track:0
[ 4781273ms] [ERROR] Failed to load resource: net::ERR_TIMED_OUT @ https://www.linkedin.com/li/track:0
[ 4790993ms] [ERROR] Failed to load resource: net::ERR_TIMED_OUT @ https://www.linkedin.com/li/track:0
[ 4791814ms] [ERROR] Failed to load resource: net::ERR_TIMED_OUT @ https://www.linkedin.com/li/track:0
[ 4796133ms] [ERROR] Failed to load resource: net::ERR_TIMED_OUT @ https://www.linkedin.com/li/track:0
[ 4798248ms] [ERROR] Failed to load resource: net::ERR_TIMED_OUT @ https://www.linkedin.com/li/track:0
[ 4798433ms] [ERROR] Failed to load resource: net::ERR_TIMED_OUT @ https://www.linkedin.com/li/track:0
[ 4799245ms] [ERROR] Failed to load resource: net::ERR_TIMED_OUT @ https://www.linkedin.com/li/track:0
[ 4808957ms] [ERROR] Failed to load resource: net::ERR_TIMED_OUT @ https://www.linkedin.com/li/track:0
[ 4809778ms] [ERROR] Failed to load resource: net::ERR_TIMED_OUT @ https://www.linkedin.com/li/track:0
[ 4814110ms] [ERROR] Failed to load resource: net::ERR_TIMED_OUT @ https://www.linkedin.com/li/track:0
[ 4816220ms] [ERROR] Failed to load resource: net::ERR_TIMED_OUT @ https://www.linkedin.com/li/track:0
[ 4816749ms] [ERROR] Failed to load resource: net::ERR_TIMED_OUT @ https://www.linkedin.com/li/track:0
[ 4817227ms] [ERROR] Failed to load resource: net::ERR_TIMED_OUT @ https://www.linkedin.com/li/track:0
[ 4826928ms] [ERROR] Failed to load resource: net::ERR_TIMED_OUT @ https://www.linkedin.com/li/track:0
[ 4827755ms] [ERROR] Failed to load resource: net::ERR_TIMED_OUT @ https://www.linkedin.com/li/track:0
[ 4832574ms] [ERROR] Failed to load resource: net::ERR_TIMED_OUT @ https://www.linkedin.com/li/track:0
[ 4834194ms] [ERROR] Failed to load resource: net::ERR_TIMED_OUT @ https://www.linkedin.com/li/track:0
[ 4835080ms] [ERROR] Failed to load resource: net::ERR_TIMED_OUT @ https://www.linkedin.com/li/track:0
[ 4835197ms] [ERROR] Failed to load resource: net::ERR_TIMED_OUT @ https://www.linkedin.com/li/track:0
[ 4844898ms] [ERROR] Failed to load resource: net::ERR_TIMED_OUT @ https://www.linkedin.com/li/track:0
[ 4845722ms] [ERROR] Failed to load resource: net::ERR_TIMED_OUT @ https://www.linkedin.com/li/track:0
[ 4850552ms] [ERROR] Failed to load resource: net::ERR_TIMED_OUT @ https://www.linkedin.com/li/track:0
[ 4852172ms] [ERROR] Failed to load resource: net::ERR_TIMED_OUT @ https://www.linkedin.com/li/track:0
[ 4853056ms] [ERROR] Failed to load resource: net::ERR_TIMED_OUT @ https://www.linkedin.com/li/track:0
[ 4853174ms] [ERROR] Failed to load resource: net::ERR_TIMED_OUT @ https://www.linkedin.com/li/track:0
[ 4862865ms] [ERROR] Failed to load resource: net::ERR_TIMED_OUT @ https://www.linkedin.com/li/track:0
[ 4863695ms] [ERROR] Failed to load resource: net::ERR_TIMED_OUT @ https://www.linkedin.com/li/track:0
[ 4868524ms] [ERROR] Failed to load resource: net::ERR_TIMED_OUT @ https://www.linkedin.com/li/track:0
[ 4870142ms] [ERROR] Failed to load resource: net::ERR_TIMED_OUT @ https://www.linkedin.com/li/track:0
[ 4871040ms] [ERROR] Failed to load resource: net::ERR_TIMED_OUT @ https://www.linkedin.com/li/track:0
[ 4871154ms] [ERROR] Failed to load resource: net::ERR_TIMED_OUT @ https://www.linkedin.com/li/track:0
[ 4880837ms] [ERROR] Failed to load resource: net::ERR_TIMED_OUT @ https://www.linkedin.com/li/track:0
[ 4881661ms] [ERROR] Failed to load resource: net::ERR_TIMED_OUT @ https://www.linkedin.com/li/track:0
[ 4886494ms] [ERROR] Failed to load resource: net::ERR_TIMED_OUT @ https://www.linkedin.com/li/track:0
[ 4888121ms] [ERROR] Failed to load resource: net::ERR_TIMED_OUT @ https://www.linkedin.com/li/track:0
[ 4889017ms] [ERROR] Failed to load resource: net::ERR_TIMED_OUT @ https://www.linkedin.com/li/track:0
[ 4889134ms] [ERROR] Failed to load resource: net::ERR_TIMED_OUT @ https://www.linkedin.com/li/track:0
[ 4898812ms] [ERROR] Failed to load resource: net::ERR_TIMED_OUT @ https://www.linkedin.com/li/track:0
[ 4899631ms] [ERROR] Failed to load resource: net::ERR_TIMED_OUT @ https://www.linkedin.com/li/track:0
[ 4904473ms] [ERROR] Failed to load resource: net::ERR_TIMED_OUT @ https://www.linkedin.com/li/track:0
[ 4906090ms] [ERROR] Failed to load resource: net::ERR_TIMED_OUT @ https://www.linkedin.com/li/track:0
[ 4907098ms] [ERROR] Failed to load resource: net::ERR_TIMED_OUT @ https://www.linkedin.com/li/track:0
[ 4907102ms] [ERROR] Failed to load resource: net::ERR_TIMED_OUT @ https://www.linkedin.com/li/track:0
[ 4916791ms] [ERROR] Failed to load resource: net::ERR_TIMED_OUT @ https://www.linkedin.com/li/track:0
[ 4917598ms] [ERROR] Failed to load resource: net::ERR_TIMED_OUT @ https://www.linkedin.com/li/track:0
[ 4922446ms] [ERROR] Failed to load resource: net::ERR_TIMED_OUT @ https://www.linkedin.com/li/track:0
[ 4924062ms] [ERROR] Failed to load resource: net::ERR_TIMED_OUT @ https://www.linkedin.com/li/track:0
[ 4925062ms] [ERROR] Failed to load resource: net::ERR_TIMED_OUT @ https://www.linkedin.com/li/track:0
[ 4925071ms] [ERROR] Failed to load resource: net::ERR_TIMED_OUT @ https://www.linkedin.com/li/track:0
[ 4934767ms] [ERROR] Failed to load resource: net::ERR_TIMED_OUT @ https://www.linkedin.com/li/track:0
[ 4935560ms] [ERROR] Failed to load resource: net::ERR_TIMED_OUT @ https://www.linkedin.com/li/track:0
[ 4940773ms] [ERROR] Failed to load resource: net::ERR_TIMED_OUT @ https://www.linkedin.com/li/track:0
[ 4942029ms] [ERROR] Failed to load resource: net::ERR_TIMED_OUT @ https://www.linkedin.com/li/track:0
[ 4943520ms] [ERROR] Failed to load resource: net::ERR_TIMED_OUT @ https://www.linkedin.com/li/track:0
[ 4943864ms] [ERROR] Failed to load resource: net::ERR_TIMED_OUT @ https://www.linkedin.com/li/track:0
[ 4952740ms] [ERROR] Failed to load resource: net::ERR_TIMED_OUT @ https://www.linkedin.com/li/track:0
[ 4953525ms] [ERROR] Failed to load resource: net::ERR_TIMED_OUT @ https://www.linkedin.com/li/track:0
[ 4958751ms] [ERROR] Failed to load resource: net::ERR_TIMED_OUT @ https://www.linkedin.com/li/track:0
[ 4960004ms] [ERROR] Failed to load resource: net::ERR_TIMED_OUT @ https://www.linkedin.com/li/track:0
[ 4961488ms] [ERROR] Failed to load resource: net::ERR_TIMED_OUT @ https://www.linkedin.com/li/track:0
[ 4961843ms] [ERROR] Failed to load resource: net::ERR_TIMED_OUT @ https://www.linkedin.com/li/track:0
[ 4970706ms] [ERROR] Failed to load resource: net::ERR_TIMED_OUT @ https://www.linkedin.com/li/track:0
[ 4971995ms] [ERROR] Failed to load resource: net::ERR_TIMED_OUT @ https://www.linkedin.com/li/track:0
[ 4977217ms] [ERROR] Failed to load resource: net::ERR_TIMED_OUT @ https://www.linkedin.com/li/track:0
[ 4977986ms] [ERROR] Failed to load resource: net::ERR_TIMED_OUT @ https://www.linkedin.com/li/track:0
[ 4979451ms] [ERROR] Failed to load resource: net::ERR_TIMED_OUT @ https://www.linkedin.com/li/track:0
[ 4979829ms] [ERROR] Failed to load resource: net::ERR_TIMED_OUT @ https://www.linkedin.com/li/track:0
[ 4988677ms] [ERROR] Failed to load resource: net::ERR_TIMED_OUT @ https://www.linkedin.com/li/track:0
[ 4989971ms] [ERROR] Failed to load resource: net::ERR_TIMED_OUT @ https://www.linkedin.com/li/track:0
[ 4995199ms] [ERROR] Failed to load resource: net::ERR_TIMED_OUT @ https://www.linkedin.com/li/track:0
[ 4995956ms] [ERROR] Failed to load resource: net::ERR_TIMED_OUT @ https://www.linkedin.com/li/track:0
[ 4997424ms] [ERROR] Failed to load resource: net::ERR_TIMED_OUT @ https://www.linkedin.com/li/track:0
[ 4997805ms] [ERROR] Failed to load resource: net::ERR_TIMED_OUT @ https://www.linkedin.com/li/track:0
[ 5006646ms] [ERROR] Failed to load resource: net::ERR_TIMED_OUT @ https://www.linkedin.com/li/track:0
[ 5007949ms] [ERROR] Failed to load resource: net::ERR_TIMED_OUT @ https://www.linkedin.com/li/track:0
[ 5013176ms] [ERROR] Failed to load resource: net::ERR_TIMED_OUT @ https://www.linkedin.com/li/track:0
[ 5013935ms] [ERROR] Failed to load resource: net::ERR_TIMED_OUT @ https://www.linkedin.com/li/track:0
[ 5015404ms] [ERROR] Failed to load resource: net::ERR_TIMED_OUT @ https://www.linkedin.com/li/track:0
[ 5015775ms] [ERROR] Failed to load resource: net::ERR_TIMED_OUT @ https://www.linkedin.com/li/track:0
[ 5024622ms] [ERROR] Failed to load resource: net::ERR_TIMED_OUT @ https://www.linkedin.com/li/track:0
[ 5025927ms] [ERROR] Failed to load resource: net::ERR_TIMED_OUT @ https://www.linkedin.com/li/track:0
[ 5031633ms] [ERROR] Failed to load resource: net::ERR_TIMED_OUT @ https://www.linkedin.com/li/track:0
[ 5031912ms] [ERROR] Failed to load resource: net::ERR_TIMED_OUT @ https://www.linkedin.com/li/track:0
[ 5033751ms] [ERROR] Failed to load resource: net::ERR_TIMED_OUT @ https://www.linkedin.com/li/track:0
[ 5033869ms] [ERROR] Failed to load resource: net::ERR_TIMED_OUT @ https://www.linkedin.com/li/track:0
[ 5042598ms] [ERROR] Failed to load resource: net::ERR_TIMED_OUT @ https://www.linkedin.com/li/track:0
[ 5043898ms] [ERROR] Failed to load resource: net::ERR_TIMED_OUT @ https://www.linkedin.com/li/track:0
[ 5049610ms] [ERROR] Failed to load resource: net::ERR_TIMED_OUT @ https://www.linkedin.com/li/track:0
[ 5049890ms] [ERROR] Failed to load resource: net::ERR_TIMED_OUT @ https://www.linkedin.com/li/track:0
[ 5051719ms] [ERROR] Failed to load resource: net::ERR_TIMED_OUT @ https://www.linkedin.com/li/track:0
[ 5051834ms] [ERROR] Failed to load resource: net::ERR_TIMED_OUT @ https://www.linkedin.com/li/track:0
[ 5060558ms] [ERROR] Failed to load resource: net::ERR_TIMED_OUT @ https://www.linkedin.com/li/track:0
[ 5061878ms] [ERROR] Failed to load resource: net::ERR_TIMED_OUT @ https://www.linkedin.com/li/track:0
[ 5067575ms] [ERROR] Failed to load resource: net::ERR_TIMED_OUT @ https://www.linkedin.com/li/track:0
[ 5068803ms] [ERROR] Failed to load resource: net::ERR_TIMED_OUT @ https://www.linkedin.com/li/track:0
[ 5070186ms] [ERROR] Failed to load resource: net::ERR_TIMED_OUT @ https://www.linkedin.com/li/track:0
[ 5078522ms] [ERROR] Failed to load resource: net::ERR_TIMED_OUT @ https://www.linkedin.com/li/track:0
[ 5081849ms] [ERROR] Failed to load resource: net::ERR_TIMED_OUT @ https://www.linkedin.com/li/track:0
[ 5085547ms] [ERROR] Failed to load resource: net::ERR_TIMED_OUT @ https://www.linkedin.com/li/track:0
[ 5087590ms] [ERROR] Failed to load resource: net::ERR_TIMED_OUT @ https://www.linkedin.com/li/track:0
[ 5088161ms] [ERROR] Failed to load resource: net::ERR_TIMED_OUT @ https://www.linkedin.com/li/track:0
[ 5091929ms] [ERROR] Failed to load resource: net::ERR_TIMED_OUT @ https://www.linkedin.com/li/track:0
[ 5096498ms] [ERROR] Failed to load resource: net::ERR_TIMED_OUT @ https://www.linkedin.com/li/track:0
[ 5099827ms] [ERROR] Failed to load resource: net::ERR_TIMED_OUT @ https://www.linkedin.com/li/track:0
[ 5103516ms] [ERROR] Failed to load resource: net::ERR_TIMED_OUT @ https://www.linkedin.com/li/track:0
[ 5106145ms] [ERROR] Failed to load resource: net::ERR_TIMED_OUT @ https://www.linkedin.com/li/track:0
[ 5117621ms] [ERROR] Failed to load resource: net::ERR_TIMED_OUT @ https://www.linkedin.com/li/track:0
[ 5117834ms] [ERROR] Failed to load resource: net::ERR_TIMED_OUT @ https://www.linkedin.com/li/track:0
[ 5122004ms] [ERROR] Failed to load resource: net::ERR_TIMED_OUT @ https://www.linkedin.com/li/track:0
[ 5124322ms] [ERROR] Failed to load resource: net::ERR_TIMED_OUT @ https://www.linkedin.com/li/track:0
[ 5126528ms] [ERROR] Failed to load resource: net::ERR_TIMED_OUT @ https://www.linkedin.com/li/track:0
[ 5127071ms] [ERROR] Failed to load resource: net::ERR_TIMED_OUT @ https://www.linkedin.com/li/track:0
[ 5135598ms] [ERROR] Failed to load resource: net::ERR_TIMED_OUT @ https://www.linkedin.com/li/track:0
[ 5135810ms] [ERROR] Failed to load resource: net::ERR_TIMED_OUT @ https://www.linkedin.com/li/track:0
[ 5139980ms] [ERROR] Failed to load resource: net::ERR_TIMED_OUT @ https://www.linkedin.com/li/track:0
[ 5142309ms] [ERROR] Failed to load resource: net::ERR_TIMED_OUT @ https://www.linkedin.com/li/track:0
[ 5144507ms] [ERROR] Failed to load resource: net::ERR_TIMED_OUT @ https://www.linkedin.com/li/track:0
[ 5145045ms] [ERROR] Failed to load resource: net::ERR_TIMED_OUT @ https://www.linkedin.com/li/track:0
[ 5153572ms] [ERROR] Failed to load resource: net::ERR_TIMED_OUT @ https://www.linkedin.com/li/track:0
[ 5153781ms] [ERROR] Failed to load resource: net::ERR_TIMED_OUT @ https://www.linkedin.com/li/track:0
[ 5157948ms] [ERROR] Failed to load resource: net::ERR_TIMED_OUT @ https://www.linkedin.com/li/track:0
[ 5160282ms] [ERROR] Failed to load resource: net::ERR_TIMED_OUT @ https://www.linkedin.com/li/track:0
[ 5162978ms] [ERROR] Failed to load resource: net::ERR_TIMED_OUT @ https://www.linkedin.com/li/track:0
[ 5163017ms] [ERROR] Failed to load resource: net::ERR_TIMED_OUT @ https://www.linkedin.com/li/track:0
[ 5171541ms] [ERROR] Failed to load resource: net::ERR_TIMED_OUT @ https://www.linkedin.com/li/track:0
[ 5171750ms] [ERROR] Failed to load resource: net::ERR_TIMED_OUT @ https://www.linkedin.com/li/track:0
[ 5175904ms] [ERROR] Failed to load resource: net::ERR_TIMED_OUT @ https://www.linkedin.com/li/track:0
[ 5189505ms] [ERROR] Failed to load resource: net::ERR_TIMED_OUT @ https://www.linkedin.com/li/track:0
[ 5189707ms] [ERROR] Failed to load resource: net::ERR_TIMED_OUT @ https://www.linkedin.com/li/track:0
[ 5190372ms] [ERROR] Failed to load resource: net::ERR_TIMED_OUT @ https://www.linkedin.com/li/track:0
[ 5193115ms] [ERROR] Failed to load resource: net::ERR_TIMED_OUT @ https://www.linkedin.com/li/track:0
[ 5193115ms] [ERROR] Failed to load resource: net::ERR_TIMED_OUT @ https://www.linkedin.com/li/track:0
[ 5193872ms] [ERROR] Failed to load resource: net::ERR_TIMED_OUT @ https://www.linkedin.com/li/track:0
[ 5207481ms] [ERROR] Failed to load resource: net::ERR_TIMED_OUT @ https://www.linkedin.com/li/track:0
[ 5207873ms] [ERROR] Failed to load resource: net::ERR_TIMED_OUT @ https://www.linkedin.com/li/track:0
[ 5211071ms] [ERROR] Failed to load resource: net::ERR_TIMED_OUT @ https://www.linkedin.com/li/track:0
[ 5211699ms] [ERROR] Failed to load resource: net::ERR_TIMED_OUT @ https://www.linkedin.com/li/track:0
[ 5215312ms] [ERROR] Failed to load resource: net::ERR_NETWORK_CHANGED @ https://www.linkedin.com/li/track:0
[ 5215321ms] [ERROR] Failed to load resource: net::ERR_NETWORK_CHANGED @ https://www.linkedin.com/li/track:0
[ 5215321ms] [ERROR] Failed to load resource: net::ERR_NETWORK_CHANGED @ https://www.linkedin.com/li/track:0
[ 5215321ms] [ERROR] Failed to load resource: net::ERR_NETWORK_CHANGED @ https://www.linkedin.com/li/track:0
[ 5215321ms] [ERROR] Failed to load resource: net::ERR_NETWORK_CHANGED @ https://www.linkedin.com/li/track:0
[ 5215321ms] [ERROR] Failed to load resource: net::ERR_NETWORK_CHANGED @ https://www.linkedin.com/li/track:0
[ 5215322ms] [ERROR] Failed to load resource: net::ERR_NETWORK_CHANGED @ https://www.linkedin.com/li/track:0
[ 5215322ms] [ERROR] Failed to load resource: net::ERR_NETWORK_CHANGED @ https://www.linkedin.com/li/track:0
[ 5215322ms] [ERROR] Failed to load resource: net::ERR_NETWORK_CHANGED @ https://www.linkedin.com/li/track:0
[ 5215322ms] [ERROR] Failed to load resource: net::ERR_NETWORK_CHANGED @ https://www.linkedin.com/li/track:0
[ 5215323ms] [ERROR] Failed to load resource: net::ERR_NETWORK_CHANGED @ https://www.linkedin.com/li/track:0
[ 5215323ms] [ERROR] Failed to load resource: net::ERR_NETWORK_CHANGED @ https://www.linkedin.com/li/track:0
[ 5215323ms] [ERROR] Failed to load resource: net::ERR_NETWORK_CHANGED @ https://www.linkedin.com/li/track:0
[ 5215323ms] [ERROR] Failed to load resource: net::ERR_NETWORK_CHANGED @ https://www.linkedin.com/li/track:0
[ 5215323ms] [ERROR] Failed to load resource: net::ERR_NETWORK_CHANGED @ https://www.linkedin.com/li/track:0
[ 5215324ms] [ERROR] Failed to load resource: net::ERR_NETWORK_CHANGED @ https://www.linkedin.com/li/track:0
[ 5215324ms] [ERROR] Failed to load resource: net::ERR_NETWORK_CHANGED @ https://www.linkedin.com/li/track:0
[ 5215324ms] [ERROR] Failed to load resource: net::ERR_NETWORK_CHANGED @ https://www.linkedin.com/li/track:0
[ 5215324ms] [ERROR] Failed to load resource: net::ERR_NETWORK_CHANGED @ https://www.linkedin.com/li/track:0
[ 5215324ms] [ERROR] Failed to load resource: net::ERR_NETWORK_CHANGED @ https://www.linkedin.com/li/track:0
[ 5215324ms] [ERROR] Failed to load resource: net::ERR_NETWORK_CHANGED @ https://www.linkedin.com/li/track:0
[ 5215324ms] [ERROR] Failed to load resource: net::ERR_NETWORK_CHANGED @ https://www.linkedin.com/li/track:0
[ 5215325ms] [ERROR] Failed to load resource: net::ERR_NETWORK_CHANGED @ https://www.linkedin.com/li/track:0
[ 5215325ms] [ERROR] Failed to load resource: net::ERR_NETWORK_CHANGED @ https://www.linkedin.com/li/track:0
[ 5215325ms] [ERROR] Failed to load resource: net::ERR_NETWORK_CHANGED @ https://www.linkedin.com/li/track:0
[ 5215325ms] [ERROR] Failed to load resource: net::ERR_NETWORK_CHANGED @ https://www.linkedin.com/li/track:0
[ 5215325ms] [ERROR] Failed to load resource: net::ERR_NETWORK_CHANGED @ https://www.linkedin.com/li/track:0
[ 5215326ms] [ERROR] Failed to load resource: net::ERR_NETWORK_CHANGED @ https://www.linkedin.com/li/track:0
[ 5215326ms] [ERROR] Failed to load resource: net::ERR_NETWORK_CHANGED @ https://www.linkedin.com/li/track:0
[ 5215326ms] [ERROR] Failed to load resource: net::ERR_NETWORK_CHANGED @ https://www.linkedin.com/li/track:0
[ 5215326ms] [ERROR] Failed to load resource: net::ERR_NETWORK_CHANGED @ https://www.linkedin.com/li/track:0
[ 5215326ms] [ERROR] Failed to load resource: net::ERR_NETWORK_CHANGED @ https://www.linkedin.com/li/track:0
[ 5215326ms] [ERROR] Failed to load resource: net::ERR_NETWORK_CHANGED @ https://www.linkedin.com/li/track:0
[ 5215326ms] [ERROR] Failed to load resource: net::ERR_NETWORK_CHANGED @ https://www.linkedin.com/li/track:0
[ 5215327ms] [ERROR] Failed to load resource: net::ERR_NETWORK_CHANGED @ https://www.linkedin.com/li/track:0
[ 5215327ms] [ERROR] Failed to load resource: net::ERR_NETWORK_CHANGED @ https://www.linkedin.com/li/track:0
[ 5215327ms] [ERROR] Failed to load resource: net::ERR_NETWORK_CHANGED @ https://www.linkedin.com/li/track:0
[ 5215327ms] [ERROR] Failed to load resource: net::ERR_NETWORK_CHANGED @ https://www.linkedin.com/li/track:0
[ 5215327ms] [ERROR] Failed to load resource: net::ERR_NETWORK_CHANGED @ https://www.linkedin.com/li/track:0
[ 5215327ms] [ERROR] Failed to load resource: net::ERR_NETWORK_CHANGED @ https://www.linkedin.com/li/track:0
[ 5215327ms] [ERROR] Failed to load resource: net::ERR_NETWORK_CHANGED @ https://www.linkedin.com/li/track:0
[ 5215327ms] [ERROR] Failed to load resource: net::ERR_NETWORK_CHANGED @ https://www.linkedin.com/li/track:0
[ 5215327ms] [ERROR] Failed to load resource: net::ERR_NETWORK_CHANGED @ https://www.linkedin.com/li/track:0
[ 5215327ms] [ERROR] Failed to load resource: net::ERR_NETWORK_CHANGED @ https://www.linkedin.com/li/track:0
[ 5215327ms] [ERROR] Failed to load resource: net::ERR_NETWORK_CHANGED @ https://www.linkedin.com/li/track:0
[ 5215327ms] [ERROR] Failed to load resource: net::ERR_NETWORK_CHANGED @ https://www.linkedin.com/li/track:0
[ 5215328ms] [ERROR] Failed to load resource: net::ERR_NETWORK_CHANGED @ https://www.linkedin.com/li/track:0
[ 5215328ms] [ERROR] Failed to load resource: net::ERR_NETWORK_CHANGED @ https://www.linkedin.com/li/track:0
[ 5215328ms] [ERROR] Failed to load resource: net::ERR_NETWORK_CHANGED @ https://www.linkedin.com/li/track:0
[ 5215328ms] [ERROR] Failed to load resource: net::ERR_NETWORK_CHANGED @ https://www.linkedin.com/li/track:0
[ 5215328ms] [ERROR] Failed to load resource: net::ERR_NETWORK_CHANGED @ https://www.linkedin.com/li/track:0
[ 5215328ms] [ERROR] Failed to load resource: net::ERR_NETWORK_CHANGED @ https://www.linkedin.com/li/track:0
[ 5215328ms] [ERROR] Failed to load resource: net::ERR_NETWORK_CHANGED @ https://www.linkedin.com/li/track:0
[ 5215328ms] [ERROR] Failed to load resource: net::ERR_NETWORK_CHANGED @ https://www.linkedin.com/li/track:0
[ 5215328ms] [ERROR] Failed to load resource: net::ERR_NETWORK_CHANGED @ https://www.linkedin.com/li/track:0
[ 5215328ms] [ERROR] Failed to load resource: net::ERR_NETWORK_CHANGED @ https://www.linkedin.com/li/track:0
[ 5215329ms] [ERROR] Failed to load resource: net::ERR_NETWORK_CHANGED @ https://www.linkedin.com/li/track:0
[ 5215329ms] [ERROR] Failed to load resource: net::ERR_NETWORK_CHANGED @ https://www.linkedin.com/li/track:0
[ 5215329ms] [ERROR] Failed to load resource: net::ERR_NETWORK_CHANGED @ https://www.linkedin.com/li/track:0
[ 5215329ms] [ERROR] Failed to load resource: net::ERR_NETWORK_CHANGED @ https://www.linkedin.com/li/track:0
[ 5215329ms] [ERROR] Failed to load resource: net::ERR_NETWORK_CHANGED @ https://www.linkedin.com/li/track:0
[ 5215329ms] [ERROR] Failed to load resource: net::ERR_NETWORK_CHANGED @ https://www.linkedin.com/li/track:0
[ 5215329ms] [ERROR] Failed to load resource: net::ERR_NETWORK_CHANGED @ https://www.linkedin.com/li/track:0
[ 5215329ms] [ERROR] Failed to load resource: net::ERR_NETWORK_CHANGED @ https://www.linkedin.com/li/track:0
[ 5215329ms] [ERROR] Failed to load resource: net::ERR_NETWORK_CHANGED @ https://www.linkedin.com/li/track:0
[ 5215329ms] [ERROR] Failed to load resource: net::ERR_NETWORK_CHANGED @ https://www.linkedin.com/li/track:0
[ 5215330ms] [ERROR] Failed to load resource: net::ERR_NETWORK_CHANGED @ https://www.linkedin.com/li/track:0
[ 5215330ms] [ERROR] Failed to load resource: net::ERR_NETWORK_CHANGED @ https://www.linkedin.com/li/track:0
[ 5215330ms] [ERROR] Failed to load resource: net::ERR_NETWORK_CHANGED @ https://www.linkedin.com/li/track:0
[ 5215330ms] [ERROR] Failed to load resource: net::ERR_NETWORK_CHANGED @ https://www.linkedin.com/li/track:0
[ 5215330ms] [ERROR] Failed to load resource: net::ERR_NETWORK_CHANGED @ https://www.linkedin.com/li/track:0
[ 5215330ms] [ERROR] Failed to load resource: net::ERR_NETWORK_CHANGED @ https://www.linkedin.com/li/track:0
[ 5215330ms] [ERROR] Failed to load resource: net::ERR_NETWORK_CHANGED @ https://www.linkedin.com/li/track:0
[ 5215330ms] [ERROR] Failed to load resource: net::ERR_NETWORK_CHANGED @ https://www.linkedin.com/li/track:0
[ 5215330ms] [ERROR] Failed to load resource: net::ERR_NETWORK_CHANGED @ https://www.linkedin.com/li/track:0
[ 5215330ms] [ERROR] Failed to load resource: net::ERR_NETWORK_CHANGED @ https://www.linkedin.com/li/track:0
[ 5215330ms] [ERROR] Failed to load resource: net::ERR_NETWORK_CHANGED @ https://www.linkedin.com/li/track:0
[ 5215330ms] [ERROR] Failed to load resource: net::ERR_NETWORK_CHANGED @ https://www.linkedin.com/li/track:0
[ 5215331ms] [ERROR] Failed to load resource: net::ERR_NETWORK_CHANGED @ https://www.linkedin.com/li/track:0
[ 5215331ms] [ERROR] Failed to load resource: net::ERR_NETWORK_CHANGED @ https://www.linkedin.com/li/track:0
[ 5215331ms] [ERROR] Failed to load resource: net::ERR_NETWORK_CHANGED @ https://www.linkedin.com/li/track:0
[ 5215331ms] [ERROR] Failed to load resource: net::ERR_NETWORK_CHANGED @ https://www.linkedin.com/li/track:0
[ 5215331ms] [ERROR] Failed to load resource: net::ERR_NETWORK_CHANGED @ https://www.linkedin.com/li/track:0
[ 5215331ms] [ERROR] Failed to load resource: net::ERR_NETWORK_CHANGED @ https://www.linkedin.com/li/track:0
[ 5215331ms] [ERROR] Failed to load resource: net::ERR_NETWORK_CHANGED @ https://www.linkedin.com/li/track:0
[ 5215331ms] [ERROR] Failed to load resource: net::ERR_NETWORK_CHANGED @ https://www.linkedin.com/li/track:0
[ 5215331ms] [ERROR] Failed to load resource: net::ERR_NETWORK_CHANGED @ https://www.linkedin.com/li/track:0
[ 5215331ms] [ERROR] Failed to load resource: net::ERR_NETWORK_CHANGED @ https://www.linkedin.com/li/track:0
[ 5215331ms] [ERROR] Failed to load resource: net::ERR_NETWORK_CHANGED @ https://www.linkedin.com/li/track:0
[ 5215331ms] [ERROR] Failed to load resource: net::ERR_NETWORK_CHANGED @ https://www.linkedin.com/li/track:0
[ 5215331ms] [ERROR] Failed to load resource: net::ERR_NETWORK_CHANGED @ https://www.linkedin.com/li/track:0
[ 5215331ms] [ERROR] Failed to load resource: net::ERR_NETWORK_CHANGED @ https://www.linkedin.com/li/track:0
[ 5215332ms] [ERROR] Failed to load resource: net::ERR_NETWORK_CHANGED @ https://www.linkedin.com/li/track:0
[ 5215332ms] [ERROR] Failed to load resource: net::ERR_NETWORK_CHANGED @ https://www.linkedin.com/li/track:0
[ 5215332ms] [ERROR] Failed to load resource: net::ERR_NETWORK_CHANGED @ https://www.linkedin.com/li/track:0
[ 5215332ms] [ERROR] Failed to load resource: net::ERR_NETWORK_CHANGED @ https://www.linkedin.com/li/track:0
[ 5215332ms] [ERROR] Failed to load resource: net::ERR_NETWORK_CHANGED @ https://www.linkedin.com/li/track:0
[ 5215332ms] [ERROR] Failed to load resource: net::ERR_NETWORK_CHANGED @ https://www.linkedin.com/li/track:0
[ 5215332ms] [ERROR] Failed to load resource: net::ERR_NETWORK_CHANGED @ https://www.linkedin.com/li/track:0
[ 5215332ms] [ERROR] Failed to load resource: net::ERR_NETWORK_CHANGED @ https://www.linkedin.com/li/track:0
[ 5215332ms] [ERROR] Failed to load resource: net::ERR_NETWORK_CHANGED @ https://www.linkedin.com/li/track:0
[ 5215332ms] [ERROR] Failed to load resource: net::ERR_NETWORK_CHANGED @ https://www.linkedin.com/li/track:0
[ 5215332ms] [ERROR] Failed to load resource: net::ERR_NETWORK_CHANGED @ https://www.linkedin.com/li/track:0
[ 5215332ms] [ERROR] Failed to load resource: net::ERR_NETWORK_CHANGED @ https://www.linkedin.com/li/track:0
[ 5215332ms] [ERROR] Failed to load resource: net::ERR_NETWORK_CHANGED @ https://www.linkedin.com/li/track:0
[ 5215332ms] [ERROR] Failed to load resource: net::ERR_NETWORK_CHANGED @ https://www.linkedin.com/li/track:0
[ 5215332ms] [ERROR] Failed to load resource: net::ERR_NETWORK_CHANGED @ https://www.linkedin.com/li/track:0
[ 5215332ms] [ERROR] Failed to load resource: net::ERR_NETWORK_CHANGED @ https://www.linkedin.com/li/track:0
[ 5215333ms] [ERROR] Failed to load resource: net::ERR_NETWORK_CHANGED @ https://www.linkedin.com/li/track:0
[ 5215333ms] [ERROR] Failed to load resource: net::ERR_NETWORK_CHANGED @ https://www.linkedin.com/li/track:0
[ 5215333ms] [ERROR] Failed to load resource: net::ERR_NETWORK_CHANGED @ https://www.linkedin.com/li/track:0
[ 5215333ms] [ERROR] Failed to load resource: net::ERR_NETWORK_CHANGED @ https://www.linkedin.com/li/track:0
[ 5215333ms] [ERROR] Failed to load resource: net::ERR_NETWORK_CHANGED @ https://www.linkedin.com/li/track:0
[ 5215333ms] [ERROR] Failed to load resource: net::ERR_NETWORK_CHANGED @ https://www.linkedin.com/li/track:0
[ 5215333ms] [ERROR] Failed to load resource: net::ERR_NETWORK_CHANGED @ https://www.linkedin.com/li/track:0
[ 5215333ms] [ERROR] Failed to load resource: net::ERR_NETWORK_CHANGED @ https://www.linkedin.com/li/track:0
[ 5215333ms] [ERROR] Failed to load resource: net::ERR_NETWORK_CHANGED @ https://www.linkedin.com/li/track:0
[ 5215333ms] [ERROR] Failed to load resource: net::ERR_NETWORK_CHANGED @ https://www.linkedin.com/li/track:0
[ 5215333ms] [ERROR] Failed to load resource: net::ERR_NETWORK_CHANGED @ https://www.linkedin.com/li/track:0
[ 5215333ms] [ERROR] Failed to load resource: net::ERR_NETWORK_CHANGED @ https://www.linkedin.com/li/track:0
[ 5215334ms] [ERROR] Failed to load resource: net::ERR_NETWORK_CHANGED @ https://www.linkedin.com/li/track:0
[ 5215334ms] [ERROR] Failed to load resource: net::ERR_NETWORK_CHANGED @ https://www.linkedin.com/li/track:0
[ 5215334ms] [ERROR] Failed to load resource: net::ERR_NETWORK_CHANGED @ https://www.linkedin.com/li/track:0
[ 5215334ms] [ERROR] Failed to load resource: net::ERR_NETWORK_CHANGED @ https://www.linkedin.com/li/track:0
[ 5215334ms] [ERROR] Failed to load resource: net::ERR_NETWORK_CHANGED @ https://www.linkedin.com/li/track:0
[ 5215334ms] [ERROR] Failed to load resource: net::ERR_NETWORK_CHANGED @ https://www.linkedin.com/li/track:0
[ 5215334ms] [ERROR] Failed to load resource: net::ERR_NETWORK_CHANGED @ https://www.linkedin.com/li/track:0
[ 5215377ms] [ERROR] Failed to load resource: net::ERR_NETWORK_CHANGED @ https://www.linkedin.com/li/track:0
[ 5215377ms] [ERROR] Failed to load resource: net::ERR_NETWORK_CHANGED @ https://www.linkedin.com/li/track:0
[ 5215377ms] [ERROR] Failed to load resource: net::ERR_NETWORK_CHANGED @ https://www.linkedin.com/li/track:0
[ 5215377ms] [ERROR] Failed to load resource: net::ERR_NETWORK_CHANGED @ https://www.linkedin.com/li/track:0
[ 5215377ms] [ERROR] Failed to load resource: net::ERR_NETWORK_CHANGED @ https://www.linkedin.com/li/track:0
[ 5215377ms] [ERROR] Failed to load resource: net::ERR_NETWORK_CHANGED @ https://www.linkedin.com/li/track:0
[ 5215377ms] [ERROR] Failed to load resource: net::ERR_NETWORK_CHANGED @ https://www.linkedin.com/li/track:0
[ 5215377ms] [ERROR] Failed to load resource: net::ERR_NETWORK_CHANGED @ https://www.linkedin.com/li/track:0
[ 5215377ms] [ERROR] Failed to load resource: net::ERR_NETWORK_CHANGED @ https://www.linkedin.com/li/track:0
[ 5215377ms] [ERROR] Failed to load resource: net::ERR_NETWORK_CHANGED @ https://www.linkedin.com/li/track:0
[ 5215377ms] [ERROR] Failed to load resource: net::ERR_NETWORK_CHANGED @ https://www.linkedin.com/li/track:0
[ 5215377ms] [ERROR] Failed to load resource: net::ERR_NETWORK_CHANGED @ https://www.linkedin.com/li/track:0
[ 5215377ms] [ERROR] Failed to load resource: net::ERR_NETWORK_CHANGED @ https://www.linkedin.com/li/track:0
[ 5215378ms] [ERROR] Failed to load resource: net::ERR_NETWORK_CHANGED @ https://www.linkedin.com/li/track:0
[ 5215378ms] [ERROR] Failed to load resource: net::ERR_NETWORK_CHANGED @ https://www.linkedin.com/li/track:0
[ 5215378ms] [ERROR] Failed to load resource: net::ERR_NETWORK_CHANGED @ https://www.linkedin.com/li/track:0
[ 5215378ms] [ERROR] Failed to load resource: net::ERR_NETWORK_CHANGED @ https://www.linkedin.com/li/track:0
[ 5215378ms] [ERROR] Failed to load resource: net::ERR_NETWORK_CHANGED @ https://www.linkedin.com/li/track:0
[ 5215378ms] [ERROR] Failed to load resource: net::ERR_NETWORK_CHANGED @ https://www.linkedin.com/li/track:0
[ 5215378ms] [ERROR] Failed to load resource: net::ERR_NETWORK_CHANGED @ https://www.linkedin.com/li/track:0
[ 5215378ms] [ERROR] Failed to load resource: net::ERR_NETWORK_CHANGED @ https://www.linkedin.com/li/track:0
[ 5215378ms] [ERROR] Failed to load resource: net::ERR_NETWORK_CHANGED @ https://www.linkedin.com/li/track:0
[ 5215378ms] [ERROR] Failed to load resource: net::ERR_NETWORK_CHANGED @ https://www.linkedin.com/li/track:0
[ 5215378ms] [ERROR] Failed to load resource: net::ERR_NETWORK_CHANGED @ https://www.linkedin.com/li/track:0
[ 5215378ms] [ERROR] Failed to load resource: net::ERR_NETWORK_CHANGED @ https://www.linkedin.com/li/track:0
[ 5215378ms] [ERROR] Failed to load resource: net::ERR_NETWORK_CHANGED @ https://www.linkedin.com/li/track:0
[ 5215378ms] [ERROR] Failed to load resource: net::ERR_NETWORK_CHANGED @ https://www.linkedin.com/li/track:0
[ 5215379ms] [ERROR] Failed to load resource: net::ERR_NETWORK_CHANGED @ https://www.linkedin.com/li/track:0
[ 5215379ms] [ERROR] Failed to load resource: net::ERR_NETWORK_CHANGED @ https://www.linkedin.com/li/track:0
[ 5215379ms] [ERROR] Failed to load resource: net::ERR_NETWORK_CHANGED @ https://www.linkedin.com/li/track:0
[ 5215379ms] [ERROR] Failed to load resource: net::ERR_NETWORK_CHANGED @ https://www.linkedin.com/li/track:0
[ 5215379ms] [ERROR] Failed to load resource: net::ERR_NETWORK_CHANGED @ https://www.linkedin.com/li/track:0
[ 5215379ms] [ERROR] Failed to load resource: net::ERR_NETWORK_CHANGED @ https://www.linkedin.com/li/track:0
[ 5215379ms] [ERROR] Failed to load resource: net::ERR_NETWORK_CHANGED @ https://www.linkedin.com/li/track:0
[ 5215379ms] [ERROR] Failed to load resource: net::ERR_NETWORK_CHANGED @ https://www.linkedin.com/li/track:0
[ 5215379ms] [ERROR] Failed to load resource: net::ERR_NETWORK_CHANGED @ https://www.linkedin.com/li/track:0
[ 5215379ms] [ERROR] Failed to load resource: net::ERR_NETWORK_CHANGED @ https://www.linkedin.com/li/track:0
[ 5215379ms] [ERROR] Failed to load resource: net::ERR_NETWORK_CHANGED @ https://www.linkedin.com/li/track:0
[ 5215379ms] [ERROR] Failed to load resource: net::ERR_NETWORK_CHANGED @ https://www.linkedin.com/li/track:0
[ 5215379ms] [ERROR] Failed to load resource: net::ERR_NETWORK_CHANGED @ https://www.linkedin.com/li/track:0
[ 5215379ms] [ERROR] Failed to load resource: net::ERR_NETWORK_CHANGED @ https://www.linkedin.com/li/track:0
[ 5215379ms] [ERROR] Failed to load resource: net::ERR_NETWORK_CHANGED @ https://www.linkedin.com/li/track:0
[ 5215379ms] [ERROR] Failed to load resource: net::ERR_NETWORK_CHANGED @ https://www.linkedin.com/li/track:0
[ 5215379ms] [ERROR] Failed to load resource: net::ERR_NETWORK_CHANGED @ https://www.linkedin.com/li/track:0
[ 5215379ms] [ERROR] Failed to load resource: net::ERR_NETWORK_CHANGED @ https://www.linkedin.com/li/track:0
[ 5215380ms] [ERROR] Failed to load resource: net::ERR_NETWORK_CHANGED @ https://www.linkedin.com/li/track:0
[ 5215380ms] [ERROR] Failed to load resource: net::ERR_NETWORK_CHANGED @ https://www.linkedin.com/li/track:0
[ 5215380ms] [ERROR] Failed to load resource: net::ERR_NETWORK_CHANGED @ https://www.linkedin.com/li/track:0
[ 5215380ms] [ERROR] Failed to load resource: net::ERR_NETWORK_CHANGED @ https://www.linkedin.com/li/track:0
[ 5215380ms] [ERROR] Failed to load resource: net::ERR_NETWORK_CHANGED @ https://www.linkedin.com/li/track:0
[ 5215380ms] [ERROR] Failed to load resource: net::ERR_NETWORK_CHANGED @ https://www.linkedin.com/li/track:0
[ 5215380ms] [ERROR] Failed to load resource: net::ERR_NETWORK_CHANGED @ https://www.linkedin.com/li/track:0
[ 5215380ms] [ERROR] Failed to load resource: net::ERR_NETWORK_CHANGED @ https://www.linkedin.com/li/track:0
[ 5215380ms] [ERROR] Failed to load resource: net::ERR_NETWORK_CHANGED @ https://www.linkedin.com/li/track:0
[ 5215380ms] [ERROR] Failed to load resource: net::ERR_NETWORK_CHANGED @ https://www.linkedin.com/li/track:0
[ 5215380ms] [ERROR] Failed to load resource: net::ERR_NETWORK_CHANGED @ https://www.linkedin.com/li/track:0
[ 5215380ms] [ERROR] Failed to load resource: net::ERR_NETWORK_CHANGED @ https://www.linkedin.com/li/track:0
[ 5215380ms] [ERROR] Failed to load resource: net::ERR_NETWORK_CHANGED @ https://www.linkedin.com/li/track:0
[ 5215380ms] [ERROR] Failed to load resource: net::ERR_NETWORK_CHANGED @ https://www.linkedin.com/li/track:0
[ 5215380ms] [ERROR] Failed to load resource: net::ERR_NETWORK_CHANGED @ https://www.linkedin.com/li/track:0
[ 5215380ms] [ERROR] Failed to load resource: net::ERR_NETWORK_CHANGED @ https://www.linkedin.com/li/track:0
[ 5215380ms] [ERROR] Failed to load resource: net::ERR_NETWORK_CHANGED @ https://www.linkedin.com/li/track:0
[ 5215380ms] [ERROR] Failed to load resource: net::ERR_NETWORK_CHANGED @ https://www.linkedin.com/li/track:0
[ 5215380ms] [ERROR] Failed to load resource: net::ERR_NETWORK_CHANGED @ https://www.linkedin.com/li/track:0
[ 5215381ms] [ERROR] Failed to load resource: net::ERR_NETWORK_CHANGED @ https://www.linkedin.com/li/track:0
[ 5215381ms] [ERROR] Failed to load resource: net::ERR_NETWORK_CHANGED @ https://www.linkedin.com/li/track:0
[ 5215381ms] [ERROR] Failed to load resource: net::ERR_NETWORK_CHANGED @ https://www.linkedin.com/li/track:0
[ 5215381ms] [ERROR] Failed to load resource: net::ERR_NETWORK_CHANGED @ https://www.linkedin.com/li/track:0
[ 5215381ms] [ERROR] Failed to load resource: net::ERR_NETWORK_CHANGED @ https://www.linkedin.com/li/track:0
[ 5215381ms] [ERROR] Failed to load resource: net::ERR_NETWORK_CHANGED @ https://www.linkedin.com/li/track:0
[ 5215381ms] [ERROR] Failed to load resource: net::ERR_NETWORK_CHANGED @ https://www.linkedin.com/li/track:0
[ 5215381ms] [ERROR] Failed to load resource: net::ERR_NETWORK_CHANGED @ https://www.linkedin.com/li/track:0
[ 5215381ms] [ERROR] Failed to load resource: net::ERR_NETWORK_CHANGED @ https://www.linkedin.com/li/track:0
[ 5215381ms] [ERROR] Failed to load resource: net::ERR_NETWORK_CHANGED @ https://www.linkedin.com/li/track:0
[ 5215381ms] [ERROR] Failed to load resource: net::ERR_NETWORK_CHANGED @ https://www.linkedin.com/li/track:0
[ 5215381ms] [ERROR] Failed to load resource: net::ERR_NETWORK_CHANGED @ https://www.linkedin.com/li/track:0
[ 5215381ms] [ERROR] Failed to load resource: net::ERR_NETWORK_CHANGED @ https://www.linkedin.com/li/track:0
[ 5215381ms] [ERROR] Failed to load resource: net::ERR_NETWORK_CHANGED @ https://www.linkedin.com/li/track:0
[ 5215381ms] [ERROR] Failed to load resource: net::ERR_NETWORK_CHANGED @ https://www.linkedin.com/li/track:0
[ 5215381ms] [ERROR] Failed to load resource: net::ERR_NETWORK_CHANGED @ https://www.linkedin.com/li/track:0
[ 5215381ms] [ERROR] Failed to load resource: net::ERR_NETWORK_CHANGED @ https://www.linkedin.com/li/track:0
[ 5215381ms] [ERROR] Failed to load resource: net::ERR_NETWORK_CHANGED @ https://www.linkedin.com/li/track:0
[ 5215382ms] [ERROR] Failed to load resource: net::ERR_NETWORK_CHANGED @ https://www.linkedin.com/li/track:0
[ 5215382ms] [ERROR] Failed to load resource: net::ERR_NETWORK_CHANGED @ https://www.linkedin.com/li/track:0
[ 5215382ms] [ERROR] Failed to load resource: net::ERR_NETWORK_CHANGED @ https://www.linkedin.com/li/track:0
[ 5215382ms] [ERROR] Failed to load resource: net::ERR_NETWORK_CHANGED @ https://www.linkedin.com/li/track:0
[ 5215382ms] [ERROR] Failed to load resource: net::ERR_NETWORK_CHANGED @ https://www.linkedin.com/li/track:0
[ 5215382ms] [ERROR] Failed to load resource: net::ERR_NETWORK_CHANGED @ https://www.linkedin.com/li/track:0
[ 5215382ms] [ERROR] Failed to load resource: net::ERR_NETWORK_CHANGED @ https://www.linkedin.com/li/track:0
[ 5215382ms] [ERROR] Failed to load resource: net::ERR_NETWORK_CHANGED @ https://www.linkedin.com/li/track:0
[ 5215382ms] [ERROR] Failed to load resource: net::ERR_NETWORK_CHANGED @ https://www.linkedin.com/li/track:0
[ 5215382ms] [ERROR] Failed to load resource: net::ERR_NETWORK_CHANGED @ https://www.linkedin.com/li/track:0
[ 5215382ms] [ERROR] Failed to load resource: net::ERR_NETWORK_CHANGED @ https://www.linkedin.com/li/track:0
[ 5215382ms] [ERROR] Failed to load resource: net::ERR_NETWORK_CHANGED @ https://www.linkedin.com/li/track:0
[ 5215382ms] [ERROR] Failed to load resource: net::ERR_NETWORK_CHANGED @ https://www.linkedin.com/li/track:0
[ 5215382ms] [ERROR] Failed to load resource: net::ERR_NETWORK_CHANGED @ https://www.linkedin.com/li/track:0
[ 5215382ms] [ERROR] Failed to load resource: net::ERR_NETWORK_CHANGED @ https://www.linkedin.com/li/track:0
[ 5215382ms] [ERROR] Failed to load resource: net::ERR_NETWORK_CHANGED @ https://www.linkedin.com/li/track:0
[ 5215382ms] [ERROR] Failed to load resource: net::ERR_NETWORK_CHANGED @ https://www.linkedin.com/li/track:0
[ 5215382ms] [ERROR] Failed to load resource: net::ERR_NETWORK_CHANGED @ https://www.linkedin.com/li/track:0
[ 5215383ms] [ERROR] Failed to load resource: net::ERR_NETWORK_CHANGED @ https://www.linkedin.com/li/track:0
[ 5215383ms] [ERROR] Failed to load resource: net::ERR_NETWORK_CHANGED @ https://www.linkedin.com/li/track:0
[ 5215383ms] [ERROR] Failed to load resource: net::ERR_NETWORK_CHANGED @ https://www.linkedin.com/li/track:0
[ 5215383ms] [ERROR] Failed to load resource: net::ERR_NETWORK_CHANGED @ https://www.linkedin.com/li/track:0
[ 5215383ms] [ERROR] Failed to load resource: net::ERR_NETWORK_CHANGED @ https://www.linkedin.com/li/track:0
[ 5215383ms] [ERROR] Failed to load resource: net::ERR_NETWORK_CHANGED @ https://www.linkedin.com/li/track:0
[ 5215383ms] [ERROR] Failed to load resource: net::ERR_NETWORK_CHANGED @ https://www.linkedin.com/li/track:0
[ 5215383ms] [ERROR] Failed to load resource: net::ERR_NETWORK_CHANGED @ https://www.linkedin.com/li/track:0
[ 5215383ms] [ERROR] Failed to load resource: net::ERR_NETWORK_CHANGED @ https://www.linkedin.com/li/track:0
[ 5215383ms] [ERROR] Failed to load resource: net::ERR_NETWORK_CHANGED @ https://www.linkedin.com/li/track:0
[ 5215383ms] [ERROR] Failed to load resource: net::ERR_NETWORK_CHANGED @ https://www.linkedin.com/li/track:0
[ 5215384ms] [ERROR] Failed to load resource: net::ERR_NETWORK_CHANGED @ https://www.linkedin.com/li/track:0
[ 5215384ms] [ERROR] Failed to load resource: net::ERR_NETWORK_CHANGED @ https://www.linkedin.com/li/track:0
[ 5215384ms] [ERROR] Failed to load resource: net::ERR_NETWORK_CHANGED @ https://www.linkedin.com/li/track:0
[ 5215384ms] [ERROR] Failed to load resource: net::ERR_NETWORK_CHANGED @ https://www.linkedin.com/li/track:0
[ 5215384ms] [ERROR] Failed to load resource: net::ERR_NETWORK_CHANGED @ https://www.linkedin.com/li/track:0
[ 5215384ms] [ERROR] Failed to load resource: net::ERR_NETWORK_CHANGED @ https://www.linkedin.com/li/track:0
[ 5215384ms] [ERROR] Failed to load resource: net::ERR_NETWORK_CHANGED @ https://www.linkedin.com/li/track:0
[ 5215384ms] [ERROR] Failed to load resource: net::ERR_NETWORK_CHANGED @ https://www.linkedin.com/li/track:0
[ 5215384ms] [ERROR] Failed to load resource: net::ERR_NETWORK_CHANGED @ https://www.linkedin.com/li/track:0
[ 5215384ms] [ERROR] Failed to load resource: net::ERR_NETWORK_CHANGED @ https://www.linkedin.com/li/track:0
[ 5215384ms] [ERROR] Failed to load resource: net::ERR_NETWORK_CHANGED @ https://www.linkedin.com/li/track:0
[ 5215384ms] [ERROR] Failed to load resource: net::ERR_NETWORK_CHANGED @ https://www.linkedin.com/li/track:0
[ 5215384ms] [ERROR] Failed to load resource: net::ERR_NETWORK_CHANGED @ https://www.linkedin.com/li/track:0
[ 5215384ms] [ERROR] Failed to load resource: net::ERR_NETWORK_CHANGED @ https://www.linkedin.com/li/track:0
[ 5215384ms] [ERROR] Failed to load resource: net::ERR_NETWORK_CHANGED @ https://www.linkedin.com/li/track:0
[ 5215385ms] [ERROR] Failed to load resource: net::ERR_NETWORK_CHANGED @ https://www.linkedin.com/li/track:0
[ 5215385ms] [ERROR] Failed to load resource: net::ERR_NETWORK_CHANGED @ https://www.linkedin.com/li/track:0
[ 5215385ms] [ERROR] Failed to load resource: net::ERR_NETWORK_CHANGED @ https://www.linkedin.com/li/track:0
[ 5215385ms] [ERROR] Failed to load resource: net::ERR_NETWORK_CHANGED @ https://www.linkedin.com/li/track:0
[ 5215385ms] [ERROR] Failed to load resource: net::ERR_NETWORK_CHANGED @ https://www.linkedin.com/li/track:0
[ 5215385ms] [ERROR] Failed to load resource: net::ERR_NETWORK_CHANGED @ https://www.linkedin.com/li/track:0
[ 5215385ms] [ERROR] Failed to load resource: net::ERR_NETWORK_CHANGED @ https://www.linkedin.com/li/track:0
[ 5215385ms] [ERROR] Failed to load resource: net::ERR_NETWORK_CHANGED @ https://www.linkedin.com/li/track:0
[ 5215385ms] [ERROR] Failed to load resource: net::ERR_NETWORK_CHANGED @ https://www.linkedin.com/li/track:0
[ 5215385ms] [ERROR] Failed to load resource: net::ERR_NETWORK_CHANGED @ https://www.linkedin.com/li/track:0
[ 5215385ms] [ERROR] Failed to load resource: net::ERR_NETWORK_CHANGED @ https://www.linkedin.com/li/track:0
[ 5215385ms] [ERROR] Failed to load resource: net::ERR_NETWORK_CHANGED @ https://www.linkedin.com/li/track:0
[ 5215385ms] [ERROR] Failed to load resource: net::ERR_NETWORK_CHANGED @ https://www.linkedin.com/li/track:0
[ 5215385ms] [ERROR] Failed to load resource: net::ERR_NETWORK_CHANGED @ https://www.linkedin.com/li/track:0
[ 5215385ms] [ERROR] Failed to load resource: net::ERR_NETWORK_CHANGED @ https://www.linkedin.com/li/track:0
[ 5215385ms] [ERROR] Failed to load resource: net::ERR_NETWORK_CHANGED @ https://www.linkedin.com/li/track:0
[ 5215385ms] [ERROR] Failed to load resource: net::ERR_NETWORK_CHANGED @ https://www.linkedin.com/li/track:0
[ 5215385ms] [ERROR] Failed to load resource: net::ERR_NETWORK_CHANGED @ https://www.linkedin.com/li/track:0
[ 5215385ms] [ERROR] Failed to load resource: net::ERR_NETWORK_CHANGED @ https://www.linkedin.com/li/track:0
[ 5215385ms] [ERROR] Failed to load resource: net::ERR_NETWORK_CHANGED @ https://www.linkedin.com/li/track:0
[ 5215385ms] [ERROR] Failed to load resource: net::ERR_NETWORK_CHANGED @ https://www.linkedin.com/li/track:0
[ 5215385ms] [ERROR] Failed to load resource: net::ERR_NETWORK_CHANGED @ https://www.linkedin.com/li/track:0
[ 5215385ms] [ERROR] Failed to load resource: net::ERR_NETWORK_CHANGED @ https://www.linkedin.com/li/track:0
[ 5215386ms] [ERROR] Failed to load resource: net::ERR_NETWORK_CHANGED @ https://www.linkedin.com/li/track:0
[ 5215386ms] [ERROR] Failed to load resource: net::ERR_NETWORK_CHANGED @ https://www.linkedin.com/li/track:0
[ 5215386ms] [ERROR] Failed to load resource: net::ERR_NETWORK_CHANGED @ https://www.linkedin.com/li/track:0
[ 5215386ms] [ERROR] Failed to load resource: net::ERR_NETWORK_CHANGED @ https://www.linkedin.com/li/track:0
[ 5215386ms] [ERROR] Failed to load resource: net::ERR_NETWORK_CHANGED @ https://www.linkedin.com/li/track:0
[ 5215386ms] [ERROR] Failed to load resource: net::ERR_NETWORK_CHANGED @ https://www.linkedin.com/li/track:0
[ 5215386ms] [ERROR] Failed to load resource: net::ERR_NETWORK_CHANGED @ https://www.linkedin.com/li/track:0
[ 5215386ms] [ERROR] Failed to load resource: net::ERR_NETWORK_CHANGED @ https://www.linkedin.com/li/track:0
[ 5215386ms] [ERROR] Failed to load resource: net::ERR_NETWORK_CHANGED @ https://www.linkedin.com/li/track:0
[ 5215386ms] [ERROR] Failed to load resource: net::ERR_NETWORK_CHANGED @ https://www.linkedin.com/li/track:0
[ 5215386ms] [ERROR] Failed to load resource: net::ERR_NETWORK_CHANGED @ https://www.linkedin.com/li/track:0
[ 5215386ms] [ERROR] Failed to load resource: net::ERR_NETWORK_CHANGED @ https://www.linkedin.com/li/track:0
[ 5215386ms] [ERROR] Failed to load resource: net::ERR_NETWORK_CHANGED @ https://www.linkedin.com/li/track:0
[ 5215386ms] [ERROR] Failed to load resource: net::ERR_NETWORK_CHANGED @ https://www.linkedin.com/li/track:0
[ 5215386ms] [ERROR] Failed to load resource: net::ERR_NETWORK_CHANGED @ https://www.linkedin.com/li/track:0
[ 5215386ms] [ERROR] Failed to load resource: net::ERR_NETWORK_CHANGED @ https://www.linkedin.com/li/track:0
[ 5215386ms] [ERROR] Failed to load resource: net::ERR_NETWORK_CHANGED @ https://www.linkedin.com/li/track:0
[ 5215386ms] [ERROR] Failed to load resource: net::ERR_NETWORK_CHANGED @ https://www.linkedin.com/li/track:0
[ 5215386ms] [ERROR] Failed to load resource: net::ERR_NETWORK_CHANGED @ https://www.linkedin.com/li/track:0
[ 5215386ms] [ERROR] Failed to load resource: net::ERR_NETWORK_CHANGED @ https://www.linkedin.com/li/track:0
[ 5215386ms] [ERROR] Failed to load resource: net::ERR_NETWORK_CHANGED @ https://www.linkedin.com/li/track:0
[ 5215387ms] [ERROR] Failed to load resource: net::ERR_NETWORK_CHANGED @ https://www.linkedin.com/li/track:0
[ 5215387ms] [ERROR] Failed to load resource: net::ERR_NETWORK_CHANGED @ https://www.linkedin.com/li/track:0
[ 5215387ms] [ERROR] Failed to load resource: net::ERR_NETWORK_CHANGED @ https://www.linkedin.com/li/track:0
[ 5215387ms] [ERROR] Failed to load resource: net::ERR_NETWORK_CHANGED @ https://www.linkedin.com/li/track:0
[ 5215387ms] [ERROR] Failed to load resource: net::ERR_NETWORK_CHANGED @ https://www.linkedin.com/li/track:0
[ 5215387ms] [ERROR] Failed to load resource: net::ERR_NETWORK_CHANGED @ https://www.linkedin.com/li/track:0
[ 5215387ms] [ERROR] Failed to load resource: net::ERR_NETWORK_CHANGED @ https://www.linkedin.com/li/track:0
[ 5215387ms] [ERROR] Failed to load resource: net::ERR_NETWORK_CHANGED @ https://www.linkedin.com/li/track:0
[ 5215387ms] [ERROR] Failed to load resource: net::ERR_NETWORK_CHANGED @ https://www.linkedin.com/li/track:0
[ 5215387ms] [ERROR] Failed to load resource: net::ERR_NETWORK_CHANGED @ https://www.linkedin.com/li/track:0
[ 5215387ms] [ERROR] Failed to load resource: net::ERR_NETWORK_CHANGED @ https://www.linkedin.com/li/track:0
[ 5215387ms] [ERROR] Failed to load resource: net::ERR_NETWORK_CHANGED @ https://www.linkedin.com/li/track:0
[ 5215387ms] [ERROR] Failed to load resource: net::ERR_NETWORK_CHANGED @ https://www.linkedin.com/li/track:0
[ 5215387ms] [ERROR] Failed to load resource: net::ERR_NETWORK_CHANGED @ https://www.linkedin.com/li/track:0
[ 5215387ms] [ERROR] Failed to load resource: net::ERR_NETWORK_CHANGED @ https://www.linkedin.com/li/track:0
[ 5215388ms] [ERROR] Failed to load resource: net::ERR_NETWORK_CHANGED @ https://www.linkedin.com/li/track:0
[ 5215388ms] [ERROR] Failed to load resource: net::ERR_NETWORK_CHANGED @ https://www.linkedin.com/li/track:0
[ 5215388ms] [ERROR] Failed to load resource: net::ERR_NETWORK_CHANGED @ https://www.linkedin.com/li/track:0
[ 5215388ms] [ERROR] Failed to load resource: net::ERR_NETWORK_CHANGED @ https://www.linkedin.com/li/track:0
[ 5215388ms] [ERROR] Failed to load resource: net::ERR_NETWORK_CHANGED @ https://www.linkedin.com/li/track:0
[ 5215388ms] [ERROR] Failed to load resource: net::ERR_NETWORK_CHANGED @ https://www.linkedin.com/li/track:0
[ 5215388ms] [ERROR] Failed to load resource: net::ERR_NETWORK_CHANGED @ https://www.linkedin.com/li/track:0
[ 5215388ms] [ERROR] Failed to load resource: net::ERR_NETWORK_CHANGED @ https://www.linkedin.com/li/track:0
[ 5215388ms] [ERROR] Failed to load resource: net::ERR_NETWORK_CHANGED @ https://www.linkedin.com/li/track:0
[ 5215388ms] [ERROR] Failed to load resource: net::ERR_NETWORK_CHANGED @ https://www.linkedin.com/li/track:0
[ 5215388ms] [ERROR] Failed to load resource: net::ERR_NETWORK_CHANGED @ https://www.linkedin.com/li/track:0
[ 5215388ms] [ERROR] Failed to load resource: net::ERR_NETWORK_CHANGED @ https://www.linkedin.com/li/track:0
[ 5215388ms] [ERROR] Failed to load resource: net::ERR_NETWORK_CHANGED @ https://www.linkedin.com/li/track:0
[ 5215388ms] [ERROR] Failed to load resource: net::ERR_NETWORK_CHANGED @ https://www.linkedin.com/li/track:0
[ 5215388ms] [ERROR] Failed to load resource: net::ERR_NETWORK_CHANGED @ https://www.linkedin.com/li/track:0
[ 5215388ms] [ERROR] Failed to load resource: net::ERR_NETWORK_CHANGED @ https://www.linkedin.com/li/track:0
[ 5215388ms] [ERROR] Failed to load resource: net::ERR_NETWORK_CHANGED @ https://www.linkedin.com/li/track:0
[ 5215388ms] [ERROR] Failed to load resource: net::ERR_NETWORK_CHANGED @ https://www.linkedin.com/li/track:0
[ 5215389ms] [ERROR] Failed to load resource: net::ERR_NETWORK_CHANGED @ https://www.linkedin.com/li/track:0
[ 5215389ms] [ERROR] Failed to load resource: net::ERR_NETWORK_CHANGED @ https://www.linkedin.com/li/track:0
[ 5215389ms] [ERROR] Failed to load resource: net::ERR_NETWORK_CHANGED @ https://www.linkedin.com/li/track:0
[ 5215389ms] [ERROR] Failed to load resource: net::ERR_NETWORK_CHANGED @ https://www.linkedin.com/li/track:0
[ 5215389ms] [ERROR] Failed to load resource: net::ERR_NETWORK_CHANGED @ https://www.linkedin.com/li/track:0
[ 5215389ms] [ERROR] Failed to load resource: net::ERR_NETWORK_CHANGED @ https://www.linkedin.com/li/track:0
[ 5215389ms] [ERROR] Failed to load resource: net::ERR_NETWORK_CHANGED @ https://www.linkedin.com/li/track:0
[ 5215389ms] [ERROR] Failed to load resource: net::ERR_NETWORK_CHANGED @ https://www.linkedin.com/li/track:0
[ 5215389ms] [ERROR] Failed to load resource: net::ERR_NETWORK_CHANGED @ https://www.linkedin.com/li/track:0
[ 5215389ms] [ERROR] Failed to load resource: net::ERR_NETWORK_CHANGED @ https://www.linkedin.com/li/track:0
[ 5215389ms] [ERROR] Failed to load resource: net::ERR_NETWORK_CHANGED @ https://www.linkedin.com/li/track:0
[ 5215389ms] [ERROR] Failed to load resource: net::ERR_NETWORK_CHANGED @ https://www.linkedin.com/li/track:0
[ 5215389ms] [ERROR] Failed to load resource: net::ERR_NETWORK_CHANGED @ https://www.linkedin.com/li/track:0
[ 5215389ms] [ERROR] Failed to load resource: net::ERR_NETWORK_CHANGED @ https://www.linkedin.com/li/track:0
[ 5215389ms] [ERROR] Failed to load resource: net::ERR_NETWORK_CHANGED @ https://www.linkedin.com/li/track:0
[ 5215389ms] [ERROR] Failed to load resource: net::ERR_NETWORK_CHANGED @ https://www.linkedin.com/li/track:0
[ 5215389ms] [ERROR] Failed to load resource: net::ERR_NETWORK_CHANGED @ https://www.linkedin.com/li/track:0
[ 5215390ms] [ERROR] Failed to load resource: net::ERR_NETWORK_CHANGED @ https://www.linkedin.com/li/track:0
[ 5215390ms] [ERROR] Failed to load resource: net::ERR_NETWORK_CHANGED @ https://www.linkedin.com/li/track:0
[ 5215390ms] [ERROR] Failed to load resource: net::ERR_NETWORK_CHANGED @ https://www.linkedin.com/li/track:0
[ 5215390ms] [ERROR] Failed to load resource: net::ERR_NETWORK_CHANGED @ https://www.linkedin.com/li/track:0
[ 5215390ms] [ERROR] Failed to load resource: net::ERR_NETWORK_CHANGED @ https://www.linkedin.com/li/track:0
[ 5215390ms] [ERROR] Failed to load resource: net::ERR_NETWORK_CHANGED @ https://www.linkedin.com/li/track:0
[ 5215390ms] [ERROR] Failed to load resource: net::ERR_NETWORK_CHANGED @ https://www.linkedin.com/li/track:0
[ 5215390ms] [ERROR] Failed to load resource: net::ERR_NETWORK_CHANGED @ https://www.linkedin.com/li/track:0
[ 5215390ms] [ERROR] Failed to load resource: net::ERR_NETWORK_CHANGED @ https://www.linkedin.com/li/track:0
[ 5215390ms] [ERROR] Failed to load resource: net::ERR_NETWORK_CHANGED @ https://www.linkedin.com/li/track:0
[ 5215390ms] [ERROR] Failed to load resource: net::ERR_NETWORK_CHANGED @ https://www.linkedin.com/li/track:0
[ 5215390ms] [ERROR] Failed to load resource: net::ERR_NETWORK_CHANGED @ https://www.linkedin.com/li/track:0
[ 5215390ms] [ERROR] Failed to load resource: net::ERR_NETWORK_CHANGED @ https://www.linkedin.com/li/track:0
[ 5215390ms] [ERROR] Failed to load resource: net::ERR_NETWORK_CHANGED @ https://www.linkedin.com/li/track:0
[ 5215390ms] [ERROR] Failed to load resource: net::ERR_NETWORK_CHANGED @ https://www.linkedin.com/li/track:0
[ 5215390ms] [ERROR] Failed to load resource: net::ERR_NETWORK_CHANGED @ https://www.linkedin.com/li/track:0
[ 5215390ms] [ERROR] Failed to load resource: net::ERR_NETWORK_CHANGED @ https://www.linkedin.com/li/track:0
[ 5215390ms] [ERROR] Failed to load resource: net::ERR_NETWORK_CHANGED @ https://www.linkedin.com/li/track:0
[ 5215390ms] [ERROR] Failed to load resource: net::ERR_NETWORK_CHANGED @ https://www.linkedin.com/li/track:0
[ 5215390ms] [ERROR] Failed to load resource: net::ERR_NETWORK_CHANGED @ https://www.linkedin.com/li/track:0
[ 5215390ms] [ERROR] Failed to load resource: net::ERR_NETWORK_CHANGED @ https://www.linkedin.com/li/track:0
[ 5215390ms] [ERROR] Failed to load resource: net::ERR_NETWORK_CHANGED @ https://www.linkedin.com/li/track:0
[ 5215391ms] [ERROR] Failed to load resource: net::ERR_NETWORK_CHANGED @ https://www.linkedin.com/li/track:0
[ 5215391ms] [ERROR] Failed to load resource: net::ERR_NETWORK_CHANGED @ https://www.linkedin.com/li/track:0
[ 5215391ms] [ERROR] Failed to load resource: net::ERR_NETWORK_CHANGED @ https://www.linkedin.com/li/track:0
[ 5215391ms] [ERROR] Failed to load resource: net::ERR_NETWORK_CHANGED @ https://www.linkedin.com/li/track:0
[ 5215391ms] [ERROR] Failed to load resource: net::ERR_NETWORK_CHANGED @ https://www.linkedin.com/li/track:0
[ 5215391ms] [ERROR] Failed to load resource: net::ERR_NETWORK_CHANGED @ https://www.linkedin.com/li/track:0
[ 5215391ms] [ERROR] Failed to load resource: net::ERR_NETWORK_CHANGED @ https://www.linkedin.com/li/track:0
[ 5215391ms] [ERROR] Failed to load resource: net::ERR_NETWORK_CHANGED @ https://www.linkedin.com/li/track:0
[ 5215391ms] [ERROR] Failed to load resource: net::ERR_NETWORK_CHANGED @ https://www.linkedin.com/li/track:0
[ 5215391ms] [ERROR] Failed to load resource: net::ERR_NETWORK_CHANGED @ https://www.linkedin.com/li/track:0
[ 5215391ms] [ERROR] Failed to load resource: net::ERR_NETWORK_CHANGED @ https://www.linkedin.com/li/track:0
[ 5215391ms] [ERROR] Failed to load resource: net::ERR_NETWORK_CHANGED @ https://www.linkedin.com/li/track:0
[ 5215391ms] [ERROR] Failed to load resource: net::ERR_NETWORK_CHANGED @ https://www.linkedin.com/li/track:0
[ 5215391ms] [ERROR] Failed to load resource: net::ERR_NETWORK_CHANGED @ https://www.linkedin.com/li/track:0
[ 5215391ms] [ERROR] Failed to load resource: net::ERR_NETWORK_CHANGED @ https://www.linkedin.com/li/track:0
[ 5215391ms] [ERROR] Failed to load resource: net::ERR_NETWORK_CHANGED @ https://www.linkedin.com/li/track:0
[ 5215391ms] [ERROR] Failed to load resource: net::ERR_NETWORK_CHANGED @ https://www.linkedin.com/li/track:0
[ 5215391ms] [ERROR] Failed to load resource: net::ERR_NETWORK_CHANGED @ https://www.linkedin.com/li/track:0
[ 5215391ms] [ERROR] Failed to load resource: net::ERR_NETWORK_CHANGED @ https://www.linkedin.com/li/track:0
[ 5215391ms] [ERROR] Failed to load resource: net::ERR_NETWORK_CHANGED @ https://www.linkedin.com/li/track:0
[ 5215391ms] [ERROR] Failed to load resource: net::ERR_NETWORK_CHANGED @ https://www.linkedin.com/li/track:0
[ 5215392ms] [ERROR] Failed to load resource: net::ERR_NETWORK_CHANGED @ https://www.linkedin.com/li/track:0
[ 5215392ms] [ERROR] Failed to load resource: net::ERR_NETWORK_CHANGED @ https://www.linkedin.com/li/track:0
[ 5215392ms] [ERROR] Failed to load resource: net::ERR_NETWORK_CHANGED @ https://www.linkedin.com/li/track:0
[ 5215392ms] [ERROR] Failed to load resource: net::ERR_NETWORK_CHANGED @ https://www.linkedin.com/li/track:0
[ 5215392ms] [ERROR] Failed to load resource: net::ERR_NETWORK_CHANGED @ https://www.linkedin.com/li/track:0
[ 5215392ms] [ERROR] Failed to load resource: net::ERR_NETWORK_CHANGED @ https://www.linkedin.com/li/track:0
[ 5215392ms] [ERROR] Failed to load resource: net::ERR_NETWORK_CHANGED @ https://www.linkedin.com/li/track:0
[ 5215392ms] [ERROR] Failed to load resource: net::ERR_NETWORK_CHANGED @ https://www.linkedin.com/li/track:0
[ 5215392ms] [ERROR] Failed to load resource: net::ERR_NETWORK_CHANGED @ https://www.linkedin.com/li/track:0
[ 5215392ms] [ERROR] Failed to load resource: net::ERR_NETWORK_CHANGED @ https://www.linkedin.com/li/track:0
[ 5215392ms] [ERROR] Failed to load resource: net::ERR_NETWORK_CHANGED @ https://www.linkedin.com/li/track:0
[ 5215392ms] [ERROR] Failed to load resource: net::ERR_NETWORK_CHANGED @ https://www.linkedin.com/li/track:0
[ 5215392ms] [ERROR] Failed to load resource: net::ERR_NETWORK_CHANGED @ https://www.linkedin.com/li/track:0
[ 5215392ms] [ERROR] Failed to load resource: net::ERR_NETWORK_CHANGED @ https://www.linkedin.com/li/track:0
[ 5215392ms] [ERROR] Failed to load resource: net::ERR_NETWORK_CHANGED @ https://www.linkedin.com/li/track:0
[ 5215392ms] [ERROR] Failed to load resource: net::ERR_NETWORK_CHANGED @ https://www.linkedin.com/li/track:0
[ 5215392ms] [ERROR] Failed to load resource: net::ERR_NETWORK_CHANGED @ https://www.linkedin.com/li/track:0
[ 5215392ms] [ERROR] Failed to load resource: net::ERR_NETWORK_CHANGED @ https://www.linkedin.com/li/track:0
[ 5215392ms] [ERROR] Failed to load resource: net::ERR_NETWORK_CHANGED @ https://www.linkedin.com/li/track:0
[ 5215392ms] [ERROR] Failed to load resource: net::ERR_NETWORK_CHANGED @ https://www.linkedin.com/li/track:0
[ 5215393ms] [ERROR] Failed to load resource: net::ERR_NETWORK_CHANGED @ https://www.linkedin.com/li/track:0
[ 5215393ms] [ERROR] Failed to load resource: net::ERR_NETWORK_CHANGED @ https://www.linkedin.com/li/track:0
[ 5215393ms] [ERROR] Failed to load resource: net::ERR_NETWORK_CHANGED @ https://www.linkedin.com/li/track:0
[ 5215393ms] [ERROR] Failed to load resource: net::ERR_NETWORK_CHANGED @ https://www.linkedin.com/li/track:0
[ 5215393ms] [ERROR] Failed to load resource: net::ERR_NETWORK_CHANGED @ https://www.linkedin.com/li/track:0
[ 5215393ms] [ERROR] Failed to load resource: net::ERR_NETWORK_CHANGED @ https://www.linkedin.com/li/track:0
[ 5215393ms] [ERROR] Failed to load resource: net::ERR_NETWORK_CHANGED @ https://www.linkedin.com/li/track:0
[ 5215393ms] [ERROR] Failed to load resource: net::ERR_NETWORK_CHANGED @ https://www.linkedin.com/li/track:0
[ 5215393ms] [ERROR] Failed to load resource: net::ERR_NETWORK_CHANGED @ https://www.linkedin.com/li/track:0
[ 5215393ms] [ERROR] Failed to load resource: net::ERR_NETWORK_CHANGED @ https://www.linkedin.com/li/track:0
[ 5215393ms] [ERROR] Failed to load resource: net::ERR_NETWORK_CHANGED @ https://www.linkedin.com/li/track:0
[ 5215393ms] [ERROR] Failed to load resource: net::ERR_NETWORK_CHANGED @ https://www.linkedin.com/li/track:0
[ 5215393ms] [ERROR] Failed to load resource: net::ERR_NETWORK_CHANGED @ https://www.linkedin.com/li/track:0
[ 5215393ms] [ERROR] Failed to load resource: net::ERR_NETWORK_CHANGED @ https://www.linkedin.com/li/track:0
[ 5215393ms] [ERROR] Failed to load resource: net::ERR_NETWORK_CHANGED @ https://www.linkedin.com/li/track:0
[ 5215393ms] [ERROR] Failed to load resource: net::ERR_NETWORK_CHANGED @ https://www.linkedin.com/li/track:0
[ 5215394ms] [ERROR] Failed to load resource: net::ERR_NETWORK_CHANGED @ https://www.linkedin.com/li/track:0
[ 5215394ms] [ERROR] Failed to load resource: net::ERR_NETWORK_CHANGED @ https://www.linkedin.com/li/track:0
[ 5215394ms] [ERROR] Failed to load resource: net::ERR_NETWORK_CHANGED @ https://www.linkedin.com/li/track:0
[ 5215394ms] [ERROR] Failed to load resource: net::ERR_NETWORK_CHANGED @ https://www.linkedin.com/li/track:0
[ 5215394ms] [ERROR] Failed to load resource: net::ERR_NETWORK_CHANGED @ https://www.linkedin.com/li/track:0
[ 5215394ms] [ERROR] Failed to load resource: net::ERR_NETWORK_CHANGED @ https://www.linkedin.com/li/track:0
[ 5215394ms] [ERROR] Failed to load resource: net::ERR_NETWORK_CHANGED @ https://www.linkedin.com/li/track:0
[ 5215394ms] [ERROR] Failed to load resource: net::ERR_NETWORK_CHANGED @ https://www.linkedin.com/li/track:0
[ 5215394ms] [ERROR] Failed to load resource: net::ERR_NETWORK_CHANGED @ https://www.linkedin.com/li/track:0
[ 5215394ms] [ERROR] Failed to load resource: net::ERR_NETWORK_CHANGED @ https://www.linkedin.com/li/track:0
[ 5215394ms] [ERROR] Failed to load resource: net::ERR_NETWORK_CHANGED @ https://www.linkedin.com/li/track:0
[ 5215394ms] [ERROR] Failed to load resource: net::ERR_NETWORK_CHANGED @ https://www.linkedin.com/li/track:0
[ 5215394ms] [ERROR] Failed to load resource: net::ERR_NETWORK_CHANGED @ https://www.linkedin.com/li/track:0
[ 5215394ms] [ERROR] Failed to load resource: net::ERR_NETWORK_CHANGED @ https://www.linkedin.com/li/track:0
[ 5215394ms] [ERROR] Failed to load resource: net::ERR_NETWORK_CHANGED @ https://www.linkedin.com/li/track:0
[ 5215394ms] [ERROR] Failed to load resource: net::ERR_NETWORK_CHANGED @ https://www.linkedin.com/li/track:0
[ 5215394ms] [ERROR] Failed to load resource: net::ERR_NETWORK_CHANGED @ https://www.linkedin.com/li/track:0
[ 5215395ms] [ERROR] Failed to load resource: net::ERR_NETWORK_CHANGED @ https://www.linkedin.com/li/track:0
[ 5215395ms] [ERROR] Failed to load resource: net::ERR_NETWORK_CHANGED @ https://www.linkedin.com/li/track:0
[ 5215395ms] [ERROR] Failed to load resource: net::ERR_NETWORK_CHANGED @ https://www.linkedin.com/li/track:0
[ 5215395ms] [ERROR] Failed to load resource: net::ERR_NETWORK_CHANGED @ https://www.linkedin.com/li/track:0
[ 5215395ms] [ERROR] Failed to load resource: net::ERR_NETWORK_CHANGED @ https://www.linkedin.com/li/track:0
[ 5215395ms] [ERROR] Failed to load resource: net::ERR_NETWORK_CHANGED @ https://www.linkedin.com/li/track:0
[ 5215395ms] [ERROR] Failed to load resource: net::ERR_NETWORK_CHANGED @ https://www.linkedin.com/li/track:0
[ 5215395ms] [ERROR] Failed to load resource: net::ERR_NETWORK_CHANGED @ https://www.linkedin.com/li/track:0
[ 5215395ms] [ERROR] Failed to load resource: net::ERR_NETWORK_CHANGED @ https://www.linkedin.com/li/track:0
[ 5215395ms] [ERROR] Failed to load resource: net::ERR_NETWORK_CHANGED @ https://www.linkedin.com/li/track:0
[ 5215395ms] [ERROR] Failed to load resource: net::ERR_NETWORK_CHANGED @ https://www.linkedin.com/li/track:0
[ 5215395ms] [ERROR] Failed to load resource: net::ERR_NETWORK_CHANGED @ https://www.linkedin.com/li/track:0
[ 5215395ms] [ERROR] Failed to load resource: net::ERR_NETWORK_CHANGED @ https://www.linkedin.com/li/track:0
[ 5215395ms] [ERROR] Failed to load resource: net::ERR_NETWORK_CHANGED @ https://www.linkedin.com/li/track:0
[ 5215396ms] [ERROR] Failed to load resource: net::ERR_NETWORK_CHANGED @ https://www.linkedin.com/li/track:0
[ 5215396ms] [ERROR] Failed to load resource: net::ERR_NETWORK_CHANGED @ https://www.linkedin.com/li/track:0
[ 5215396ms] [ERROR] Failed to load resource: net::ERR_NETWORK_CHANGED @ https://www.linkedin.com/li/track:0
[ 5215396ms] [ERROR] Failed to load resource: net::ERR_NETWORK_CHANGED @ https://www.linkedin.com/li/track:0
[ 5215396ms] [ERROR] Failed to load resource: net::ERR_NETWORK_CHANGED @ https://www.linkedin.com/li/track:0
[ 5215396ms] [ERROR] Failed to load resource: net::ERR_NETWORK_CHANGED @ https://www.linkedin.com/li/track:0
[ 5215396ms] [ERROR] Failed to load resource: net::ERR_NETWORK_CHANGED @ https://www.linkedin.com/li/track:0
[ 5215396ms] [ERROR] Failed to load resource: net::ERR_NETWORK_CHANGED @ https://www.linkedin.com/li/track:0
[ 5215396ms] [ERROR] Failed to load resource: net::ERR_NETWORK_CHANGED @ https://www.linkedin.com/li/track:0
[ 5215396ms] [ERROR] Failed to load resource: net::ERR_NETWORK_CHANGED @ https://www.linkedin.com/li/track:0
[ 5215396ms] [ERROR] Failed to load resource: net::ERR_NETWORK_CHANGED @ https://www.linkedin.com/li/track:0
[ 5215396ms] [ERROR] Failed to load resource: net::ERR_NETWORK_CHANGED @ https://www.linkedin.com/li/track:0
[ 5215396ms] [ERROR] Failed to load resource: net::ERR_NETWORK_CHANGED @ https://www.linkedin.com/li/track:0
[ 5215396ms] [ERROR] Failed to load resource: net::ERR_NETWORK_CHANGED @ https://www.linkedin.com/li/track:0
[ 5215396ms] [ERROR] Failed to load resource: net::ERR_NETWORK_CHANGED @ https://www.linkedin.com/li/track:0
[ 5215397ms] [ERROR] Failed to load resource: net::ERR_NETWORK_CHANGED @ https://www.linkedin.com/li/track:0
[ 5215397ms] [ERROR] Failed to load resource: net::ERR_NETWORK_CHANGED @ https://www.linkedin.com/li/track:0
[ 5215397ms] [ERROR] Failed to load resource: net::ERR_NETWORK_CHANGED @ https://www.linkedin.com/li/track:0
[ 5215397ms] [ERROR] Failed to load resource: net::ERR_NETWORK_CHANGED @ https://www.linkedin.com/li/track:0
[ 5215397ms] [ERROR] Failed to load resource: net::ERR_NETWORK_CHANGED @ https://www.linkedin.com/li/track:0
[ 5215397ms] [ERROR] Failed to load resource: net::ERR_NETWORK_CHANGED @ https://www.linkedin.com/li/track:0
[ 5215397ms] [ERROR] Failed to load resource: net::ERR_NETWORK_CHANGED @ https://www.linkedin.com/li/track:0
[ 5215397ms] [ERROR] Failed to load resource: net::ERR_NETWORK_CHANGED @ https://www.linkedin.com/li/track:0
[ 5215397ms] [ERROR] Failed to load resource: net::ERR_NETWORK_CHANGED @ https://www.linkedin.com/li/track:0
[ 5215397ms] [ERROR] Failed to load resource: net::ERR_NETWORK_CHANGED @ https://www.linkedin.com/li/track:0
[ 5215397ms] [ERROR] Failed to load resource: net::ERR_NETWORK_CHANGED @ https://www.linkedin.com/li/track:0
[ 5215397ms] [ERROR] Failed to load resource: net::ERR_NETWORK_CHANGED @ https://www.linkedin.com/li/track:0
[ 5215397ms] [ERROR] Failed to load resource: net::ERR_NETWORK_CHANGED @ https://www.linkedin.com/li/track:0
[ 5215397ms] [ERROR] Failed to load resource: net::ERR_NETWORK_CHANGED @ https://www.linkedin.com/li/track:0
[ 5215397ms] [ERROR] Failed to load resource: net::ERR_NETWORK_CHANGED @ https://www.linkedin.com/li/track:0
[ 5215397ms] [ERROR] Failed to load resource: net::ERR_NETWORK_CHANGED @ https://www.linkedin.com/li/track:0
[ 5215397ms] [ERROR] Failed to load resource: net::ERR_NETWORK_CHANGED @ https://www.linkedin.com/li/track:0
[ 5215397ms] [ERROR] Failed to load resource: net::ERR_NETWORK_CHANGED @ https://www.linkedin.com/li/track:0
[ 5215397ms] [ERROR] Failed to load resource: net::ERR_NETWORK_CHANGED @ https://www.linkedin.com/li/track:0
[ 5215397ms] [ERROR] Failed to load resource: net::ERR_NETWORK_CHANGED @ https://www.linkedin.com/li/track:0
[ 5215397ms] [ERROR] Failed to load resource: net::ERR_NETWORK_CHANGED @ https://www.linkedin.com/li/track:0
[ 5215398ms] [ERROR] Failed to load resource: net::ERR_NETWORK_CHANGED @ https://www.linkedin.com/li/track:0
[ 5215398ms] [ERROR] Failed to load resource: net::ERR_NETWORK_CHANGED @ https://www.linkedin.com/li/track:0
[ 5215398ms] [ERROR] Failed to load resource: net::ERR_NETWORK_CHANGED @ https://www.linkedin.com/li/track:0
[ 5215398ms] [ERROR] Failed to load resource: net::ERR_NETWORK_CHANGED @ https://www.linkedin.com/li/track:0
[ 5215398ms] [ERROR] Failed to load resource: net::ERR_NETWORK_CHANGED @ https://www.linkedin.com/li/track:0
[ 5215399ms] [ERROR] Failed to load resource: net::ERR_NETWORK_CHANGED @ https://www.linkedin.com/li/track:0
[ 5215399ms] [ERROR] Failed to load resource: net::ERR_NETWORK_CHANGED @ https://www.linkedin.com/li/track:0
[ 5215399ms] [ERROR] Failed to load resource: net::ERR_NETWORK_CHANGED @ https://www.linkedin.com/li/track:0
[ 5215399ms] [ERROR] Failed to load resource: net::ERR_NETWORK_CHANGED @ https://www.linkedin.com/li/track:0
[ 5215399ms] [ERROR] Failed to load resource: net::ERR_NETWORK_CHANGED @ https://www.linkedin.com/li/track:0
[ 5215399ms] [ERROR] Failed to load resource: net::ERR_NETWORK_CHANGED @ https://www.linkedin.com/li/track:0
[ 5215399ms] [ERROR] Failed to load resource: net::ERR_NETWORK_CHANGED @ https://www.linkedin.com/li/track:0
[ 5215399ms] [ERROR] Failed to load resource: net::ERR_NETWORK_CHANGED @ https://www.linkedin.com/li/track:0
[ 5215399ms] [ERROR] Failed to load resource: net::ERR_NETWORK_CHANGED @ https://www.linkedin.com/li/track:0
[ 5215399ms] [ERROR] Failed to load resource: net::ERR_NETWORK_CHANGED @ https://www.linkedin.com/li/track:0
[ 5215399ms] [ERROR] Failed to load resource: net::ERR_NETWORK_CHANGED @ https://www.linkedin.com/li/track:0
[ 5215399ms] [ERROR] Failed to load resource: net::ERR_NETWORK_CHANGED @ https://www.linkedin.com/li/track:0
[ 5215399ms] [ERROR] Failed to load resource: net::ERR_NETWORK_CHANGED @ https://www.linkedin.com/li/track:0
[ 5215400ms] [ERROR] Failed to load resource: net::ERR_NETWORK_CHANGED @ https://www.linkedin.com/li/track:0
[ 5215400ms] [ERROR] Failed to load resource: net::ERR_NETWORK_CHANGED @ https://www.linkedin.com/li/track:0
[ 5215400ms] [ERROR] Failed to load resource: net::ERR_NETWORK_CHANGED @ https://www.linkedin.com/li/track:0
[ 5215400ms] [ERROR] Failed to load resource: net::ERR_NETWORK_CHANGED @ https://www.linkedin.com/li/track:0
[ 5215400ms] [ERROR] Failed to load resource: net::ERR_NETWORK_CHANGED @ https://www.linkedin.com/li/track:0
[ 5215400ms] [ERROR] Failed to load resource: net::ERR_NETWORK_CHANGED @ https://www.linkedin.com/li/track:0
[ 5215400ms] [ERROR] Failed to load resource: net::ERR_NETWORK_CHANGED @ https://www.linkedin.com/li/track:0
[ 5215400ms] [ERROR] Failed to load resource: net::ERR_NETWORK_CHANGED @ https://www.linkedin.com/li/track:0
[ 5215400ms] [ERROR] Failed to load resource: net::ERR_NETWORK_CHANGED @ https://www.linkedin.com/li/track:0
[ 5215400ms] [ERROR] Failed to load resource: net::ERR_NETWORK_CHANGED @ https://www.linkedin.com/li/track:0
[ 5215400ms] [ERROR] Failed to load resource: net::ERR_NETWORK_CHANGED @ https://www.linkedin.com/li/track:0
[ 5215400ms] [ERROR] Failed to load resource: net::ERR_NETWORK_CHANGED @ https://www.linkedin.com/li/track:0
[ 5215400ms] [ERROR] Failed to load resource: net::ERR_NETWORK_CHANGED @ https://www.linkedin.com/li/track:0
[ 5215400ms] [ERROR] Failed to load resource: net::ERR_NETWORK_CHANGED @ https://www.linkedin.com/li/track:0
[ 5215400ms] [ERROR] Failed to load resource: net::ERR_NETWORK_CHANGED @ https://www.linkedin.com/li/track:0
[ 5215400ms] [ERROR] Failed to load resource: net::ERR_NETWORK_CHANGED @ https://www.linkedin.com/li/track:0
[ 5215400ms] [ERROR] Failed to load resource: net::ERR_NETWORK_CHANGED @ https://www.linkedin.com/li/track:0
[ 5215400ms] [ERROR] Failed to load resource: net::ERR_NETWORK_CHANGED @ https://www.linkedin.com/li/track:0
[ 5215401ms] [ERROR] Failed to load resource: net::ERR_NETWORK_CHANGED @ https://www.linkedin.com/li/track:0
[ 5215401ms] [ERROR] Failed to load resource: net::ERR_NETWORK_CHANGED @ https://www.linkedin.com/li/track:0
[ 5215401ms] [ERROR] Failed to load resource: net::ERR_NETWORK_CHANGED @ https://www.linkedin.com/li/track:0
[ 5215401ms] [ERROR] Failed to load resource: net::ERR_NETWORK_CHANGED @ https://www.linkedin.com/li/track:0
[ 5215401ms] [ERROR] Failed to load resource: net::ERR_NETWORK_CHANGED @ https://www.linkedin.com/li/track:0
[ 5215401ms] [ERROR] Failed to load resource: net::ERR_NETWORK_CHANGED @ https://www.linkedin.com/li/track:0
[ 5215401ms] [ERROR] Failed to load resource: net::ERR_NETWORK_CHANGED @ https://www.linkedin.com/li/track:0
[ 5215401ms] [ERROR] Failed to load resource: net::ERR_NETWORK_CHANGED @ https://www.linkedin.com/li/track:0
[ 5215401ms] [ERROR] Failed to load resource: net::ERR_NETWORK_CHANGED @ https://www.linkedin.com/li/track:0
[ 5215401ms] [ERROR] Failed to load resource: net::ERR_NETWORK_CHANGED @ https://www.linkedin.com/li/track:0
[ 5215401ms] [ERROR] Failed to load resource: net::ERR_NETWORK_CHANGED @ https://www.linkedin.com/li/track:0
[ 5215401ms] [ERROR] Failed to load resource: net::ERR_NETWORK_CHANGED @ https://www.linkedin.com/li/track:0
[ 5215401ms] [ERROR] Failed to load resource: net::ERR_NETWORK_CHANGED @ https://www.linkedin.com/li/track:0
[ 5215401ms] [ERROR] Failed to load resource: net::ERR_NETWORK_CHANGED @ https://www.linkedin.com/li/track:0
[ 5215402ms] [ERROR] Failed to load resource: net::ERR_NETWORK_CHANGED @ https://www.linkedin.com/li/track:0
[ 5215402ms] [ERROR] Failed to load resource: net::ERR_NETWORK_CHANGED @ https://www.linkedin.com/li/track:0
[ 5215402ms] [ERROR] Failed to load resource: net::ERR_NETWORK_CHANGED @ https://www.linkedin.com/li/track:0
[ 5215402ms] [ERROR] Failed to load resource: net::ERR_NETWORK_CHANGED @ https://www.linkedin.com/li/track:0
[ 5215402ms] [ERROR] Failed to load resource: net::ERR_NETWORK_CHANGED @ https://www.linkedin.com/li/track:0
[ 5215402ms] [ERROR] Failed to load resource: net::ERR_NETWORK_CHANGED @ https://www.linkedin.com/li/track:0
[ 5215402ms] [ERROR] Failed to load resource: net::ERR_NETWORK_CHANGED @ https://www.linkedin.com/li/track:0
[ 5215402ms] [ERROR] Failed to load resource: net::ERR_NETWORK_CHANGED @ https://www.linkedin.com/li/track:0
[ 5215402ms] [ERROR] Failed to load resource: net::ERR_NETWORK_CHANGED @ https://www.linkedin.com/li/track:0
[ 5215402ms] [ERROR] Failed to load resource: net::ERR_NETWORK_CHANGED @ https://www.linkedin.com/li/track:0
[ 5215402ms] [ERROR] Failed to load resource: net::ERR_NETWORK_CHANGED @ https://www.linkedin.com/li/track:0
[ 5215402ms] [ERROR] Failed to load resource: net::ERR_NETWORK_CHANGED @ https://www.linkedin.com/li/track:0
[ 5215402ms] [ERROR] Failed to load resource: net::ERR_NETWORK_CHANGED @ https://www.linkedin.com/li/track:0
[ 5215402ms] [ERROR] Failed to load resource: net::ERR_NETWORK_CHANGED @ https://www.linkedin.com/li/track:0
[ 5215402ms] [ERROR] Failed to load resource: net::ERR_NETWORK_CHANGED @ https://www.linkedin.com/li/track:0
[ 5215402ms] [ERROR] Failed to load resource: net::ERR_NETWORK_CHANGED @ https://www.linkedin.com/li/track:0
[ 5215403ms] [ERROR] Failed to load resource: net::ERR_NETWORK_CHANGED @ https://www.linkedin.com/li/track:0
[ 5215403ms] [ERROR] Failed to load resource: net::ERR_NETWORK_CHANGED @ https://www.linkedin.com/li/track:0
[ 5215403ms] [ERROR] Failed to load resource: net::ERR_NETWORK_CHANGED @ https://www.linkedin.com/li/track:0
[ 5215403ms] [ERROR] Failed to load resource: net::ERR_NETWORK_CHANGED @ https://www.linkedin.com/li/track:0
[ 5215403ms] [ERROR] Failed to load resource: net::ERR_NETWORK_CHANGED @ https://www.linkedin.com/li/track:0
[ 5215403ms] [ERROR] Failed to load resource: net::ERR_NETWORK_CHANGED @ https://www.linkedin.com/li/track:0
[ 5215403ms] [ERROR] Failed to load resource: net::ERR_NETWORK_CHANGED @ https://www.linkedin.com/li/track:0
[ 5215403ms] [ERROR] Failed to load resource: net::ERR_NETWORK_CHANGED @ https://www.linkedin.com/li/track:0
[ 5215403ms] [ERROR] Failed to load resource: net::ERR_NETWORK_CHANGED @ https://www.linkedin.com/li/track:0
[ 5215403ms] [ERROR] Failed to load resource: net::ERR_NETWORK_CHANGED @ https://www.linkedin.com/li/track:0
[ 5215403ms] [ERROR] Failed to load resource: net::ERR_NETWORK_CHANGED @ https://www.linkedin.com/li/track:0
[ 5215403ms] [ERROR] Failed to load resource: net::ERR_NETWORK_CHANGED @ https://www.linkedin.com/li/track:0
[ 5215403ms] [ERROR] Failed to load resource: net::ERR_NETWORK_CHANGED @ https://www.linkedin.com/li/track:0
[ 5215403ms] [ERROR] Failed to load resource: net::ERR_NETWORK_CHANGED @ https://www.linkedin.com/li/track:0
[ 5215403ms] [ERROR] Failed to load resource: net::ERR_NETWORK_CHANGED @ https://www.linkedin.com/li/track:0
[ 5215403ms] [ERROR] Failed to load resource: net::ERR_NETWORK_CHANGED @ https://www.linkedin.com/li/track:0
[ 5215403ms] [ERROR] Failed to load resource: net::ERR_NETWORK_CHANGED @ https://www.linkedin.com/li/track:0
[ 5215403ms] [ERROR] Failed to load resource: net::ERR_NETWORK_CHANGED @ https://www.linkedin.com/li/track:0
[ 5215403ms] [ERROR] Failed to load resource: net::ERR_NETWORK_CHANGED @ https://www.linkedin.com/li/track:0
[ 5215404ms] [ERROR] Failed to load resource: net::ERR_NETWORK_CHANGED @ https://www.linkedin.com/li/track:0
[ 5215404ms] [ERROR] Failed to load resource: net::ERR_NETWORK_CHANGED @ https://www.linkedin.com/li/track:0
[ 5215404ms] [ERROR] Failed to load resource: net::ERR_NETWORK_CHANGED @ https://www.linkedin.com/li/track:0
[ 5215404ms] [ERROR] Failed to load resource: net::ERR_NETWORK_CHANGED @ https://www.linkedin.com/li/track:0
[ 5215404ms] [ERROR] Failed to load resource: net::ERR_NETWORK_CHANGED @ https://www.linkedin.com/li/track:0
[ 5215404ms] [ERROR] Failed to load resource: net::ERR_NETWORK_CHANGED @ https://www.linkedin.com/li/track:0
[ 5215404ms] [ERROR] Failed to load resource: net::ERR_NETWORK_CHANGED @ https://www.linkedin.com/li/track:0
[ 5215404ms] [ERROR] Failed to load resource: net::ERR_NETWORK_CHANGED @ https://www.linkedin.com/li/track:0
[ 5215405ms] [ERROR] Failed to load resource: net::ERR_NETWORK_CHANGED @ https://www.linkedin.com/li/track:0
[ 5215405ms] [ERROR] Failed to load resource: net::ERR_NETWORK_CHANGED @ https://www.linkedin.com/li/track:0
[ 5215405ms] [ERROR] Failed to load resource: net::ERR_NETWORK_CHANGED @ https://www.linkedin.com/li/track:0
[ 5215405ms] [ERROR] Failed to load resource: net::ERR_NETWORK_CHANGED @ https://www.linkedin.com/li/track:0
[ 5215405ms] [ERROR] Failed to load resource: net::ERR_NETWORK_CHANGED @ https://www.linkedin.com/li/track:0
[ 5215405ms] [ERROR] Failed to load resource: net::ERR_NETWORK_CHANGED @ https://www.linkedin.com/li/track:0
[ 5215405ms] [ERROR] Failed to load resource: net::ERR_NETWORK_CHANGED @ https://www.linkedin.com/li/track:0
[ 5215405ms] [ERROR] Failed to load resource: net::ERR_NETWORK_CHANGED @ https://www.linkedin.com/li/track:0
[ 5215405ms] [ERROR] Failed to load resource: net::ERR_NETWORK_CHANGED @ https://www.linkedin.com/li/track:0
[ 5215405ms] [ERROR] Failed to load resource: net::ERR_NETWORK_CHANGED @ https://www.linkedin.com/li/track:0
[ 5215405ms] [ERROR] Failed to load resource: net::ERR_NETWORK_CHANGED @ https://www.linkedin.com/li/track:0
[ 5215405ms] [ERROR] Failed to load resource: net::ERR_NETWORK_CHANGED @ https://www.linkedin.com/li/track:0
[ 5215405ms] [ERROR] Failed to load resource: net::ERR_NETWORK_CHANGED @ https://www.linkedin.com/li/track:0
[ 5215405ms] [ERROR] Failed to load resource: net::ERR_NETWORK_CHANGED @ https://www.linkedin.com/li/track:0
[ 5215405ms] [ERROR] Failed to load resource: net::ERR_NETWORK_CHANGED @ https://www.linkedin.com/li/track:0
[ 5215405ms] [ERROR] Failed to load resource: net::ERR_NETWORK_CHANGED @ https://www.linkedin.com/li/track:0
[ 5215405ms] [ERROR] Failed to load resource: net::ERR_NETWORK_CHANGED @ https://www.linkedin.com/li/track:0
[ 5215406ms] [ERROR] Failed to load resource: net::ERR_NETWORK_CHANGED @ https://www.linkedin.com/li/track:0
[ 5215406ms] [ERROR] Failed to load resource: net::ERR_NETWORK_CHANGED @ https://www.linkedin.com/li/track:0
[ 5215406ms] [ERROR] Failed to load resource: net::ERR_NETWORK_CHANGED @ https://www.linkedin.com/li/track:0
[ 5215406ms] [ERROR] Failed to load resource: net::ERR_NETWORK_CHANGED @ https://www.linkedin.com/li/track:0
[ 5215406ms] [ERROR] Failed to load resource: net::ERR_NETWORK_CHANGED @ https://www.linkedin.com/li/track:0
[ 5215406ms] [ERROR] Failed to load resource: net::ERR_NETWORK_CHANGED @ https://www.linkedin.com/li/track:0
[ 5215406ms] [ERROR] Failed to load resource: net::ERR_NETWORK_CHANGED @ https://www.linkedin.com/li/track:0
[ 5215406ms] [ERROR] Failed to load resource: net::ERR_NETWORK_CHANGED @ https://www.linkedin.com/li/track:0
[ 5215406ms] [ERROR] Failed to load resource: net::ERR_NETWORK_CHANGED @ https://www.linkedin.com/li/track:0
[ 5215406ms] [ERROR] Failed to load resource: net::ERR_NETWORK_CHANGED @ https://www.linkedin.com/li/track:0
[ 5215406ms] [ERROR] Failed to load resource: net::ERR_NETWORK_CHANGED @ https://www.linkedin.com/li/track:0
[ 5215406ms] [ERROR] Failed to load resource: net::ERR_NETWORK_CHANGED @ https://www.linkedin.com/li/track:0
[ 5215406ms] [ERROR] Failed to load resource: net::ERR_NETWORK_CHANGED @ https://www.linkedin.com/li/track:0
[ 5215406ms] [ERROR] Failed to load resource: net::ERR_NETWORK_CHANGED @ https://www.linkedin.com/li/track:0
[ 5215406ms] [ERROR] Failed to load resource: net::ERR_NETWORK_CHANGED @ https://www.linkedin.com/li/track:0
[ 5215406ms] [ERROR] Failed to load resource: net::ERR_NETWORK_CHANGED @ https://www.linkedin.com/li/track:0
[ 5215406ms] [ERROR] Failed to load resource: net::ERR_NETWORK_CHANGED @ https://www.linkedin.com/li/track:0
[ 5215406ms] [ERROR] Failed to load resource: net::ERR_NETWORK_CHANGED @ https://www.linkedin.com/li/track:0
[ 5215406ms] [ERROR] Failed to load resource: net::ERR_NETWORK_CHANGED @ https://www.linkedin.com/li/track:0
[ 5215407ms] [ERROR] Failed to load resource: net::ERR_NETWORK_CHANGED @ https://www.linkedin.com/li/track:0
[ 5215407ms] [ERROR] Failed to load resource: net::ERR_NETWORK_CHANGED @ https://www.linkedin.com/li/track:0
[ 5215407ms] [ERROR] Failed to load resource: net::ERR_NETWORK_CHANGED @ https://www.linkedin.com/li/track:0
[ 5215407ms] [ERROR] Failed to load resource: net::ERR_NETWORK_CHANGED @ https://www.linkedin.com/li/track:0
[ 5215407ms] [ERROR] Failed to load resource: net::ERR_NETWORK_CHANGED @ https://www.linkedin.com/li/track:0
[ 5215407ms] [ERROR] Failed to load resource: net::ERR_NETWORK_CHANGED @ https://www.linkedin.com/li/track:0
[ 5215407ms] [ERROR] Failed to load resource: net::ERR_NETWORK_CHANGED @ https://www.linkedin.com/li/track:0
[ 5215407ms] [ERROR] Failed to load resource: net::ERR_NETWORK_CHANGED @ https://www.linkedin.com/li/track:0
[ 5215407ms] [ERROR] Failed to load resource: net::ERR_NETWORK_CHANGED @ https://www.linkedin.com/li/track:0
[ 5215407ms] [ERROR] Failed to load resource: net::ERR_NETWORK_CHANGED @ https://www.linkedin.com/li/track:0
[ 5215407ms] [ERROR] Failed to load resource: net::ERR_NETWORK_CHANGED @ https://www.linkedin.com/li/track:0
[ 5215407ms] [ERROR] Failed to load resource: net::ERR_NETWORK_CHANGED @ https://www.linkedin.com/li/track:0
[ 5215407ms] [ERROR] Failed to load resource: net::ERR_NETWORK_CHANGED @ https://www.linkedin.com/li/track:0
[ 5215407ms] [ERROR] Failed to load resource: net::ERR_NETWORK_CHANGED @ https://www.linkedin.com/li/track:0
[ 5215407ms] [ERROR] Failed to load resource: net::ERR_NETWORK_CHANGED @ https://www.linkedin.com/li/track:0
[ 5215407ms] [ERROR] Failed to load resource: net::ERR_NETWORK_CHANGED @ https://www.linkedin.com/li/track:0
[ 5215407ms] [ERROR] Failed to load resource: net::ERR_NETWORK_CHANGED @ https://www.linkedin.com/li/track:0
[ 5215407ms] [ERROR] Failed to load resource: net::ERR_NETWORK_CHANGED @ https://www.linkedin.com/li/track:0
[ 5215407ms] [ERROR] Failed to load resource: net::ERR_NETWORK_CHANGED @ https://www.linkedin.com/li/track:0
[ 5215407ms] [ERROR] Failed to load resource: net::ERR_NETWORK_CHANGED @ https://www.linkedin.com/li/track:0
[ 5215407ms] [ERROR] Failed to load resource: net::ERR_NETWORK_CHANGED @ https://www.linkedin.com/li/track:0
[ 5215408ms] [ERROR] Failed to load resource: net::ERR_NETWORK_CHANGED @ https://www.linkedin.com/li/track:0
[ 5215408ms] [ERROR] Failed to load resource: net::ERR_NETWORK_CHANGED @ https://www.linkedin.com/li/track:0
[ 5215408ms] [ERROR] Failed to load resource: net::ERR_NETWORK_CHANGED @ https://www.linkedin.com/li/track:0
[ 5215408ms] [ERROR] Failed to load resource: net::ERR_NETWORK_CHANGED @ https://www.linkedin.com/li/track:0
[ 5215408ms] [ERROR] Failed to load resource: net::ERR_NETWORK_CHANGED @ https://www.linkedin.com/li/track:0
[ 5215408ms] [ERROR] Failed to load resource: net::ERR_NETWORK_CHANGED @ https://www.linkedin.com/li/track:0
[ 5215408ms] [ERROR] Failed to load resource: net::ERR_NETWORK_CHANGED @ https://www.linkedin.com/li/track:0
[ 5215408ms] [ERROR] Failed to load resource: net::ERR_NETWORK_CHANGED @ https://www.linkedin.com/li/track:0
[ 5215408ms] [ERROR] Failed to load resource: net::ERR_NETWORK_CHANGED @ https://www.linkedin.com/li/track:0
[ 5215408ms] [ERROR] Failed to load resource: net::ERR_NETWORK_CHANGED @ https://www.linkedin.com/li/track:0
[ 5215408ms] [ERROR] Failed to load resource: net::ERR_NETWORK_CHANGED @ https://www.linkedin.com/li/track:0
[ 5215408ms] [ERROR] Failed to load resource: net::ERR_NETWORK_CHANGED @ https://www.linkedin.com/li/track:0
[ 5215408ms] [ERROR] Failed to load resource: net::ERR_NETWORK_CHANGED @ https://www.linkedin.com/li/track:0
[ 5215408ms] [ERROR] Failed to load resource: net::ERR_NETWORK_CHANGED @ https://www.linkedin.com/li/track:0
[ 5215408ms] [ERROR] Failed to load resource: net::ERR_NETWORK_CHANGED @ https://www.linkedin.com/li/track:0
[ 5215408ms] [ERROR] Failed to load resource: net::ERR_NETWORK_CHANGED @ https://www.linkedin.com/li/track:0
[ 5215408ms] [ERROR] Failed to load resource: net::ERR_NETWORK_CHANGED @ https://www.linkedin.com/li/track:0
[ 5215408ms] [ERROR] Failed to load resource: net::ERR_NETWORK_CHANGED @ https://www.linkedin.com/li/track:0
[ 5215408ms] [ERROR] Failed to load resource: net::ERR_NETWORK_CHANGED @ https://www.linkedin.com/li/track:0
[ 5215408ms] [ERROR] Failed to load resource: net::ERR_NETWORK_CHANGED @ https://www.linkedin.com/li/track:0
[ 5215408ms] [ERROR] Failed to load resource: net::ERR_NETWORK_CHANGED @ https://www.linkedin.com/li/track:0
[ 5215408ms] [ERROR] Failed to load resource: net::ERR_NETWORK_CHANGED @ https://www.linkedin.com/li/track:0
[ 5215408ms] [ERROR] Failed to load resource: net::ERR_NETWORK_CHANGED @ https://www.linkedin.com/li/track:0
[ 5215408ms] [ERROR] Failed to load resource: net::ERR_NETWORK_CHANGED @ https://www.linkedin.com/li/track:0
[ 5215409ms] [ERROR] Failed to load resource: net::ERR_NETWORK_CHANGED @ https://www.linkedin.com/li/track:0
[ 5215409ms] [ERROR] Failed to load resource: net::ERR_NETWORK_CHANGED @ https://www.linkedin.com/li/track:0
[ 5215409ms] [ERROR] Failed to load resource: net::ERR_NETWORK_CHANGED @ https://www.linkedin.com/li/track:0
[ 5215409ms] [ERROR] Failed to load resource: net::ERR_NETWORK_CHANGED @ https://www.linkedin.com/li/track:0
[ 5215409ms] [ERROR] Failed to load resource: net::ERR_NETWORK_CHANGED @ https://www.linkedin.com/li/track:0
[ 5215409ms] [ERROR] Failed to load resource: net::ERR_NETWORK_CHANGED @ https://www.linkedin.com/li/track:0
[ 5215409ms] [ERROR] Failed to load resource: net::ERR_NETWORK_CHANGED @ https://www.linkedin.com/li/track:0
[ 5215409ms] [ERROR] Failed to load resource: net::ERR_NETWORK_CHANGED @ https://www.linkedin.com/li/track:0
[ 5215409ms] [ERROR] Failed to load resource: net::ERR_NETWORK_CHANGED @ https://www.linkedin.com/li/track:0
[ 5215409ms] [ERROR] Failed to load resource: net::ERR_NETWORK_CHANGED @ https://www.linkedin.com/li/track:0
[ 5215409ms] [ERROR] Failed to load resource: net::ERR_NETWORK_CHANGED @ https://www.linkedin.com/li/track:0
[ 5215409ms] [ERROR] Failed to load resource: net::ERR_NETWORK_CHANGED @ https://www.linkedin.com/li/track:0
[ 5215409ms] [ERROR] Failed to load resource: net::ERR_NETWORK_CHANGED @ https://www.linkedin.com/li/track:0
[ 5215409ms] [ERROR] Failed to load resource: net::ERR_NETWORK_CHANGED @ https://www.linkedin.com/li/track:0
[ 5215409ms] [ERROR] Failed to load resource: net::ERR_NETWORK_CHANGED @ https://www.linkedin.com/li/track:0
[ 5215409ms] [ERROR] Failed to load resource: net::ERR_NETWORK_CHANGED @ https://www.linkedin.com/li/track:0
[ 5215409ms] [ERROR] Failed to load resource: net::ERR_NETWORK_CHANGED @ https://www.linkedin.com/li/track:0
[ 5215409ms] [ERROR] Failed to load resource: net::ERR_NETWORK_CHANGED @ https://www.linkedin.com/li/track:0
[ 5215409ms] [ERROR] Failed to load resource: net::ERR_NETWORK_CHANGED @ https://www.linkedin.com/li/track:0
[ 5215410ms] [ERROR] Failed to load resource: net::ERR_NETWORK_CHANGED @ https://www.linkedin.com/li/track:0
[ 5215410ms] [ERROR] Failed to load resource: net::ERR_NETWORK_CHANGED @ https://www.linkedin.com/li/track:0
[ 5215410ms] [ERROR] Failed to load resource: net::ERR_NETWORK_CHANGED @ https://www.linkedin.com/li/track:0
[ 5215410ms] [ERROR] Failed to load resource: net::ERR_NETWORK_CHANGED @ https://www.linkedin.com/li/track:0
[ 5215410ms] [ERROR] Failed to load resource: net::ERR_NETWORK_CHANGED @ https://www.linkedin.com/li/track:0
[ 5215410ms] [ERROR] Failed to load resource: net::ERR_NETWORK_CHANGED @ https://www.linkedin.com/li/track:0
[ 5215410ms] [ERROR] Failed to load resource: net::ERR_NETWORK_CHANGED @ https://www.linkedin.com/li/track:0
[ 5215410ms] [ERROR] Failed to load resource: net::ERR_NETWORK_CHANGED @ https://www.linkedin.com/li/track:0
[ 5215410ms] [ERROR] Failed to load resource: net::ERR_NETWORK_CHANGED @ https://www.linkedin.com/li/track:0
[ 5215410ms] [ERROR] Failed to load resource: net::ERR_NETWORK_CHANGED @ https://www.linkedin.com/li/track:0
[ 5215410ms] [ERROR] Failed to load resource: net::ERR_NETWORK_CHANGED @ https://www.linkedin.com/li/track:0
[ 5215410ms] [ERROR] Failed to load resource: net::ERR_NETWORK_CHANGED @ https://www.linkedin.com/li/track:0
[ 5215410ms] [ERROR] Failed to load resource: net::ERR_NETWORK_CHANGED @ https://www.linkedin.com/li/track:0
[ 5215410ms] [ERROR] Failed to load resource: net::ERR_NETWORK_CHANGED @ https://www.linkedin.com/li/track:0
[ 5215410ms] [ERROR] Failed to load resource: net::ERR_NETWORK_CHANGED @ https://www.linkedin.com/li/track:0
[ 5215410ms] [ERROR] Failed to load resource: net::ERR_NETWORK_CHANGED @ https://www.linkedin.com/li/track:0
[ 5215411ms] [ERROR] Failed to load resource: net::ERR_NETWORK_CHANGED @ https://www.linkedin.com/li/track:0
[ 5215411ms] [ERROR] Failed to load resource: net::ERR_NETWORK_CHANGED @ https://www.linkedin.com/li/track:0
[ 5215411ms] [ERROR] Failed to load resource: net::ERR_NETWORK_CHANGED @ https://www.linkedin.com/li/track:0
[ 5215411ms] [ERROR] Failed to load resource: net::ERR_NETWORK_CHANGED @ https://www.linkedin.com/li/track:0
[ 5215411ms] [ERROR] Failed to load resource: net::ERR_NETWORK_CHANGED @ https://www.linkedin.com/li/track:0
[ 5215411ms] [ERROR] Failed to load resource: net::ERR_NETWORK_CHANGED @ https://www.linkedin.com/li/track:0
[ 5215411ms] [ERROR] Failed to load resource: net::ERR_NETWORK_CHANGED @ https://www.linkedin.com/li/track:0
[ 5215411ms] [ERROR] Failed to load resource: net::ERR_NETWORK_CHANGED @ https://www.linkedin.com/li/track:0
[ 5215411ms] [ERROR] Failed to load resource: net::ERR_NETWORK_CHANGED @ https://www.linkedin.com/li/track:0
[ 5215411ms] [ERROR] Failed to load resource: net::ERR_NETWORK_CHANGED @ https://www.linkedin.com/li/track:0
[ 5215411ms] [ERROR] Failed to load resource: net::ERR_NETWORK_CHANGED @ https://www.linkedin.com/li/track:0
[ 5215411ms] [ERROR] Failed to load resource: net::ERR_NETWORK_CHANGED @ https://www.linkedin.com/li/track:0
[ 5215411ms] [ERROR] Failed to load resource: net::ERR_NETWORK_CHANGED @ https://www.linkedin.com/li/track:0
[ 5215411ms] [ERROR] Failed to load resource: net::ERR_NETWORK_CHANGED @ https://www.linkedin.com/li/track:0
[ 5215412ms] [ERROR] Failed to load resource: net::ERR_NETWORK_CHANGED @ https://www.linkedin.com/li/track:0
[ 5215412ms] [ERROR] Failed to load resource: net::ERR_NETWORK_CHANGED @ https://www.linkedin.com/li/track:0
[ 5215412ms] [ERROR] Failed to load resource: net::ERR_NETWORK_CHANGED @ https://www.linkedin.com/li/track:0
[ 5215412ms] [ERROR] Failed to load resource: net::ERR_NETWORK_CHANGED @ https://www.linkedin.com/li/track:0
[ 5215412ms] [ERROR] Failed to load resource: net::ERR_NETWORK_CHANGED @ https://www.linkedin.com/li/track:0
[ 5215412ms] [ERROR] Failed to load resource: net::ERR_NETWORK_CHANGED @ https://www.linkedin.com/li/track:0
[ 5215412ms] [ERROR] Failed to load resource: net::ERR_NETWORK_CHANGED @ https://www.linkedin.com/li/track:0
[ 5215412ms] [ERROR] Failed to load resource: net::ERR_NETWORK_CHANGED @ https://www.linkedin.com/li/track:0
[ 5215412ms] [ERROR] Failed to load resource: net::ERR_NETWORK_CHANGED @ https://www.linkedin.com/li/track:0
[ 5215412ms] [ERROR] Failed to load resource: net::ERR_NETWORK_CHANGED @ https://www.linkedin.com/li/track:0
[ 5215412ms] [ERROR] Failed to load resource: net::ERR_NETWORK_CHANGED @ https://www.linkedin.com/li/track:0
[ 5215412ms] [ERROR] Failed to load resource: net::ERR_NETWORK_CHANGED @ https://www.linkedin.com/li/track:0
[ 5215412ms] [ERROR] Failed to load resource: net::ERR_NETWORK_CHANGED @ https://www.linkedin.com/li/track:0
[ 5215412ms] [ERROR] Failed to load resource: net::ERR_NETWORK_CHANGED @ https://www.linkedin.com/li/track:0
[ 5215412ms] [ERROR] Failed to load resource: net::ERR_NETWORK_CHANGED @ https://www.linkedin.com/li/track:0
[ 5215412ms] [ERROR] Failed to load resource: net::ERR_NETWORK_CHANGED @ https://www.linkedin.com/li/track:0
[ 5215412ms] [ERROR] Failed to load resource: net::ERR_NETWORK_CHANGED @ https://www.linkedin.com/li/track:0
[ 5215412ms] [ERROR] Failed to load resource: net::ERR_NETWORK_CHANGED @ https://www.linkedin.com/li/track:0
[ 5215412ms] [ERROR] Failed to load resource: net::ERR_NETWORK_CHANGED @ https://www.linkedin.com/li/track:0
[ 5215412ms] [ERROR] Failed to load resource: net::ERR_NETWORK_CHANGED @ https://www.linkedin.com/li/track:0
[ 5215412ms] [ERROR] Failed to load resource: net::ERR_NETWORK_CHANGED @ https://www.linkedin.com/li/track:0
[ 5215412ms] [ERROR] Failed to load resource: net::ERR_NETWORK_CHANGED @ https://www.linkedin.com/li/track:0
[ 5215412ms] [ERROR] Failed to load resource: net::ERR_NETWORK_CHANGED @ https://www.linkedin.com/li/track:0
[ 5215412ms] [ERROR] Failed to load resource: net::ERR_NETWORK_CHANGED @ https://www.linkedin.com/li/track:0
[ 5215413ms] [ERROR] Failed to load resource: net::ERR_NETWORK_CHANGED @ https://www.linkedin.com/li/track:0
[ 5215413ms] [ERROR] Failed to load resource: net::ERR_NETWORK_CHANGED @ https://www.linkedin.com/li/track:0
[ 5215413ms] [ERROR] Failed to load resource: net::ERR_NETWORK_CHANGED @ https://www.linkedin.com/li/track:0
[ 5215413ms] [ERROR] Failed to load resource: net::ERR_NETWORK_CHANGED @ https://www.linkedin.com/li/track:0
[ 5215413ms] [ERROR] Failed to load resource: net::ERR_NETWORK_CHANGED @ https://www.linkedin.com/li/track:0
[ 5215413ms] [ERROR] Failed to load resource: net::ERR_NETWORK_CHANGED @ https://www.linkedin.com/li/track:0
[ 5215413ms] [ERROR] Failed to load resource: net::ERR_NETWORK_CHANGED @ https://www.linkedin.com/li/track:0
[ 5215413ms] [ERROR] Failed to load resource: net::ERR_NETWORK_CHANGED @ https://www.linkedin.com/li/track:0
[ 5215413ms] [ERROR] Failed to load resource: net::ERR_NETWORK_CHANGED @ https://www.linkedin.com/li/track:0
[ 5215413ms] [ERROR] Failed to load resource: net::ERR_NETWORK_CHANGED @ https://www.linkedin.com/li/track:0
[ 5215413ms] [ERROR] Failed to load resource: net::ERR_NETWORK_CHANGED @ https://www.linkedin.com/li/track:0
[ 5215413ms] [ERROR] Failed to load resource: net::ERR_NETWORK_CHANGED @ https://www.linkedin.com/li/track:0
[ 5215413ms] [ERROR] Failed to load resource: net::ERR_NETWORK_CHANGED @ https://www.linkedin.com/li/track:0
[ 5215413ms] [ERROR] Failed to load resource: net::ERR_NETWORK_CHANGED @ https://www.linkedin.com/li/track:0
[ 5215413ms] [ERROR] Failed to load resource: net::ERR_NETWORK_CHANGED @ https://www.linkedin.com/li/track:0
[ 5215413ms] [ERROR] Failed to load resource: net::ERR_NETWORK_CHANGED @ https://www.linkedin.com/li/track:0
[ 5215413ms] [ERROR] Failed to load resource: net::ERR_NETWORK_CHANGED @ https://www.linkedin.com/li/track:0
[ 5215414ms] [ERROR] Failed to load resource: net::ERR_NETWORK_CHANGED @ https://www.linkedin.com/li/track:0
[ 5215414ms] [ERROR] Failed to load resource: net::ERR_NETWORK_CHANGED @ https://www.linkedin.com/li/track:0
[ 5215414ms] [ERROR] Failed to load resource: net::ERR_NETWORK_CHANGED @ https://www.linkedin.com/li/track:0
[ 5215414ms] [ERROR] Failed to load resource: net::ERR_NETWORK_CHANGED @ https://www.linkedin.com/li/track:0
[ 5215414ms] [ERROR] Failed to load resource: net::ERR_NETWORK_CHANGED @ https://www.linkedin.com/li/track:0
[ 5215414ms] [ERROR] Failed to load resource: net::ERR_NETWORK_CHANGED @ https://www.linkedin.com/li/track:0
[ 5215414ms] [ERROR] Failed to load resource: net::ERR_NETWORK_CHANGED @ https://www.linkedin.com/li/track:0
[ 5215414ms] [ERROR] Failed to load resource: net::ERR_NETWORK_CHANGED @ https://www.linkedin.com/li/track:0
[ 5215414ms] [ERROR] Failed to load resource: net::ERR_NETWORK_CHANGED @ https://www.linkedin.com/li/track:0
[ 5215414ms] [ERROR] Failed to load resource: net::ERR_NETWORK_CHANGED @ https://www.linkedin.com/li/track:0
[ 5215414ms] [ERROR] Failed to load resource: net::ERR_NETWORK_CHANGED @ https://www.linkedin.com/li/track:0
[ 5215414ms] [ERROR] Failed to load resource: net::ERR_NETWORK_CHANGED @ https://www.linkedin.com/li/track:0
[ 5215414ms] [ERROR] Failed to load resource: net::ERR_NETWORK_CHANGED @ https://www.linkedin.com/li/track:0
[ 5215414ms] [ERROR] Failed to load resource: net::ERR_NETWORK_CHANGED @ https://www.linkedin.com/li/track:0
[ 5215414ms] [ERROR] Failed to load resource: net::ERR_NETWORK_CHANGED @ https://www.linkedin.com/li/track:0
[ 5215414ms] [ERROR] Failed to load resource: net::ERR_NETWORK_CHANGED @ https://www.linkedin.com/li/track:0
[ 5215414ms] [ERROR] Failed to load resource: net::ERR_NETWORK_CHANGED @ https://www.linkedin.com/li/track:0
[ 5215414ms] [ERROR] Failed to load resource: net::ERR_NETWORK_CHANGED @ https://www.linkedin.com/li/track:0
[ 5215414ms] [ERROR] Failed to load resource: net::ERR_NETWORK_CHANGED @ https://www.linkedin.com/li/track:0
[ 5215414ms] [ERROR] Failed to load resource: net::ERR_NETWORK_CHANGED @ https://www.linkedin.com/li/track:0
[ 5215414ms] [ERROR] Failed to load resource: net::ERR_NETWORK_CHANGED @ https://www.linkedin.com/li/track:0
[ 5215414ms] [ERROR] Failed to load resource: net::ERR_NETWORK_CHANGED @ https://www.linkedin.com/li/track:0
[ 5215414ms] [ERROR] Failed to load resource: net::ERR_NETWORK_CHANGED @ https://www.linkedin.com/li/track:0
[ 5215414ms] [ERROR] Failed to load resource: net::ERR_NETWORK_CHANGED @ https://www.linkedin.com/li/track:0
[ 5215414ms] [ERROR] Failed to load resource: net::ERR_NETWORK_CHANGED @ https://www.linkedin.com/li/track:0
[ 5215415ms] [ERROR] Failed to load resource: net::ERR_NETWORK_CHANGED @ https://www.linkedin.com/li/track:0
[ 5215415ms] [ERROR] Failed to load resource: net::ERR_NETWORK_CHANGED @ https://www.linkedin.com/li/track:0
[ 5215415ms] [ERROR] Failed to load resource: net::ERR_NETWORK_CHANGED @ https://www.linkedin.com/li/track:0
[ 5215415ms] [ERROR] Failed to load resource: net::ERR_NETWORK_CHANGED @ https://www.linkedin.com/li/track:0
[ 5215415ms] [ERROR] Failed to load resource: net::ERR_NETWORK_CHANGED @ https://www.linkedin.com/li/track:0
[ 5215415ms] [ERROR] Failed to load resource: net::ERR_NETWORK_CHANGED @ https://www.linkedin.com/li/track:0
[ 5215415ms] [ERROR] Failed to load resource: net::ERR_NETWORK_CHANGED @ https://www.linkedin.com/li/track:0
[ 5215415ms] [ERROR] Failed to load resource: net::ERR_NETWORK_CHANGED @ https://www.linkedin.com/li/track:0
[ 5215415ms] [ERROR] Failed to load resource: net::ERR_NETWORK_CHANGED @ https://www.linkedin.com/li/track:0
[ 5215415ms] [ERROR] Failed to load resource: net::ERR_NETWORK_CHANGED @ https://www.linkedin.com/li/track:0
[ 5215415ms] [ERROR] Failed to load resource: net::ERR_NETWORK_CHANGED @ https://www.linkedin.com/li/track:0
[ 5215415ms] [ERROR] Failed to load resource: net::ERR_NETWORK_CHANGED @ https://www.linkedin.com/li/track:0
[ 5215415ms] [ERROR] Failed to load resource: net::ERR_NETWORK_CHANGED @ https://www.linkedin.com/li/track:0
[ 5215415ms] [ERROR] Failed to load resource: net::ERR_NETWORK_CHANGED @ https://www.linkedin.com/li/track:0
[ 5215415ms] [ERROR] Failed to load resource: net::ERR_NETWORK_CHANGED @ https://www.linkedin.com/li/track:0
[ 5215416ms] [ERROR] Failed to load resource: net::ERR_NETWORK_CHANGED @ https://www.linkedin.com/li/track:0
[ 5215416ms] [ERROR] Failed to load resource: net::ERR_NETWORK_CHANGED @ https://www.linkedin.com/li/track:0
[ 5215416ms] [ERROR] Failed to load resource: net::ERR_NETWORK_CHANGED @ https://www.linkedin.com/li/track:0
[ 5215416ms] [ERROR] Failed to load resource: net::ERR_NETWORK_CHANGED @ https://www.linkedin.com/li/track:0
[ 5215416ms] [ERROR] Failed to load resource: net::ERR_NETWORK_CHANGED @ https://www.linkedin.com/li/track:0
[ 5215416ms] [ERROR] Failed to load resource: net::ERR_NETWORK_CHANGED @ https://www.linkedin.com/li/track:0
[ 5215416ms] [ERROR] Failed to load resource: net::ERR_NETWORK_CHANGED @ https://www.linkedin.com/li/track:0
[ 5215416ms] [ERROR] Failed to load resource: net::ERR_NETWORK_CHANGED @ https://www.linkedin.com/li/track:0
[ 5215416ms] [ERROR] Failed to load resource: net::ERR_NETWORK_CHANGED @ https://www.linkedin.com/li/track:0
[ 5215416ms] [ERROR] Failed to load resource: net::ERR_NETWORK_CHANGED @ https://www.linkedin.com/li/track:0
[ 5215416ms] [ERROR] Failed to load resource: net::ERR_NETWORK_CHANGED @ https://www.linkedin.com/li/track:0
[ 5215416ms] [ERROR] Failed to load resource: net::ERR_NETWORK_CHANGED @ https://www.linkedin.com/li/track:0
[ 5215416ms] [ERROR] Failed to load resource: net::ERR_NETWORK_CHANGED @ https://www.linkedin.com/li/track:0
[ 5215416ms] [ERROR] Failed to load resource: net::ERR_NETWORK_CHANGED @ https://www.linkedin.com/li/track:0
[ 5215416ms] [ERROR] Failed to load resource: net::ERR_NETWORK_CHANGED @ https://www.linkedin.com/li/track:0
[ 5215416ms] [ERROR] Failed to load resource: net::ERR_NETWORK_CHANGED @ https://www.linkedin.com/li/track:0
[ 5215416ms] [ERROR] Failed to load resource: net::ERR_NETWORK_CHANGED @ https://www.linkedin.com/li/track:0
[ 5215416ms] [ERROR] Failed to load resource: net::ERR_NETWORK_CHANGED @ https://www.linkedin.com/li/track:0
[ 5215416ms] [ERROR] Failed to load resource: net::ERR_NETWORK_CHANGED @ https://www.linkedin.com/li/track:0
[ 5215416ms] [ERROR] Failed to load resource: net::ERR_NETWORK_CHANGED @ https://www.linkedin.com/li/track:0
[ 5215417ms] [ERROR] Failed to load resource: net::ERR_NETWORK_CHANGED @ https://www.linkedin.com/li/track:0
[ 5215417ms] [ERROR] Failed to load resource: net::ERR_NETWORK_CHANGED @ https://www.linkedin.com/li/track:0
[ 5215417ms] [ERROR] Failed to load resource: net::ERR_NETWORK_CHANGED @ https://www.linkedin.com/li/track:0
[ 5215417ms] [ERROR] Failed to load resource: net::ERR_NETWORK_CHANGED @ https://www.linkedin.com/li/track:0
[ 5215417ms] [ERROR] Failed to load resource: net::ERR_NETWORK_CHANGED @ https://www.linkedin.com/li/track:0
[ 5215417ms] [ERROR] Failed to load resource: net::ERR_NETWORK_CHANGED @ https://www.linkedin.com/li/track:0
[ 5215417ms] [ERROR] Failed to load resource: net::ERR_NETWORK_CHANGED @ https://www.linkedin.com/li/track:0
[ 5215417ms] [ERROR] Failed to load resource: net::ERR_NETWORK_CHANGED @ https://www.linkedin.com/li/track:0
[ 5215417ms] [ERROR] Failed to load resource: net::ERR_NETWORK_CHANGED @ https://www.linkedin.com/li/track:0
[ 5215417ms] [ERROR] Failed to load resource: net::ERR_NETWORK_CHANGED @ https://www.linkedin.com/li/track:0
[ 5215417ms] [ERROR] Failed to load resource: net::ERR_NETWORK_CHANGED @ https://www.linkedin.com/li/track:0
[ 5215417ms] [ERROR] Failed to load resource: net::ERR_NETWORK_CHANGED @ https://www.linkedin.com/li/track:0
[ 5215417ms] [ERROR] Failed to load resource: net::ERR_NETWORK_CHANGED @ https://www.linkedin.com/li/track:0
[ 5215417ms] [ERROR] Failed to load resource: net::ERR_NETWORK_CHANGED @ https://www.linkedin.com/li/track:0
[ 5215417ms] [ERROR] Failed to load resource: net::ERR_NETWORK_CHANGED @ https://www.linkedin.com/li/track:0
[ 5215417ms] [ERROR] Failed to load resource: net::ERR_NETWORK_CHANGED @ https://www.linkedin.com/li/track:0
[ 5215417ms] [ERROR] Failed to load resource: net::ERR_NETWORK_CHANGED @ https://www.linkedin.com/li/track:0
[ 5215418ms] [ERROR] Failed to load resource: net::ERR_NETWORK_CHANGED @ https://www.linkedin.com/li/track:0
[ 5215418ms] [ERROR] Failed to load resource: net::ERR_NETWORK_CHANGED @ https://www.linkedin.com/li/track:0
[ 5215418ms] [ERROR] Failed to load resource: net::ERR_NETWORK_CHANGED @ https://www.linkedin.com/li/track:0
[ 5215418ms] [ERROR] Failed to load resource: net::ERR_NETWORK_CHANGED @ https://www.linkedin.com/li/track:0
[ 5215418ms] [ERROR] Failed to load resource: net::ERR_NETWORK_CHANGED @ https://www.linkedin.com/li/track:0
[ 5215418ms] [ERROR] Failed to load resource: net::ERR_NETWORK_CHANGED @ https://www.linkedin.com/li/track:0
[ 5215418ms] [ERROR] Failed to load resource: net::ERR_NETWORK_CHANGED @ https://www.linkedin.com/li/track:0
[ 5215418ms] [ERROR] Failed to load resource: net::ERR_NETWORK_CHANGED @ https://www.linkedin.com/li/track:0
[ 5215418ms] [ERROR] Failed to load resource: net::ERR_NETWORK_CHANGED @ https://www.linkedin.com/li/track:0
[ 5215418ms] [ERROR] Failed to load resource: net::ERR_NETWORK_CHANGED @ https://www.linkedin.com/li/track:0
[ 5215418ms] [ERROR] Failed to load resource: net::ERR_NETWORK_CHANGED @ https://www.linkedin.com/li/track:0
[ 5215418ms] [ERROR] Failed to load resource: net::ERR_NETWORK_CHANGED @ https://www.linkedin.com/li/track:0
[ 5215418ms] [ERROR] Failed to load resource: net::ERR_NETWORK_CHANGED @ https://www.linkedin.com/li/track:0
[ 5215418ms] [ERROR] Failed to load resource: net::ERR_NETWORK_CHANGED @ https://www.linkedin.com/li/track:0
[ 5215418ms] [ERROR] Failed to load resource: net::ERR_NETWORK_CHANGED @ https://www.linkedin.com/li/track:0
[ 5215418ms] [ERROR] Failed to load resource: net::ERR_NETWORK_CHANGED @ https://www.linkedin.com/li/track:0
[ 5215418ms] [ERROR] Failed to load resource: net::ERR_NETWORK_CHANGED @ https://www.linkedin.com/li/track:0
[ 5215418ms] [ERROR] Failed to load resource: net::ERR_NETWORK_CHANGED @ https://www.linkedin.com/li/track:0
[ 5215418ms] [ERROR] Failed to load resource: net::ERR_NETWORK_CHANGED @ https://www.linkedin.com/li/track:0
[ 5215418ms] [ERROR] Failed to load resource: net::ERR_NETWORK_CHANGED @ https://www.linkedin.com/li/track:0
[ 5215419ms] [ERROR] Failed to load resource: net::ERR_NETWORK_CHANGED @ https://www.linkedin.com/li/track:0
[ 5215419ms] [ERROR] Failed to load resource: net::ERR_NETWORK_CHANGED @ https://www.linkedin.com/li/track:0
[ 5215419ms] [ERROR] Failed to load resource: net::ERR_NETWORK_CHANGED @ https://www.linkedin.com/li/track:0
[ 5215419ms] [ERROR] Failed to load resource: net::ERR_NETWORK_CHANGED @ https://www.linkedin.com/li/track:0
[ 5215419ms] [ERROR] Failed to load resource: net::ERR_NETWORK_CHANGED @ https://www.linkedin.com/li/track:0
[ 5215419ms] [ERROR] Failed to load resource: net::ERR_NETWORK_CHANGED @ https://www.linkedin.com/li/track:0
[ 5215419ms] [ERROR] Failed to load resource: net::ERR_NETWORK_CHANGED @ https://www.linkedin.com/li/track:0
[ 5215419ms] [ERROR] Failed to load resource: net::ERR_NETWORK_CHANGED @ https://www.linkedin.com/li/track:0
[ 5215419ms] [ERROR] Failed to load resource: net::ERR_NETWORK_CHANGED @ https://www.linkedin.com/li/track:0
[ 5215419ms] [ERROR] Failed to load resource: net::ERR_NETWORK_CHANGED @ https://www.linkedin.com/li/track:0
[ 5215419ms] [ERROR] Failed to load resource: net::ERR_NETWORK_CHANGED @ https://www.linkedin.com/li/track:0
[ 5215419ms] [ERROR] Failed to load resource: net::ERR_NETWORK_CHANGED @ https://www.linkedin.com/li/track:0
[ 5215419ms] [ERROR] Failed to load resource: net::ERR_NETWORK_CHANGED @ https://www.linkedin.com/li/track:0
[ 5215419ms] [ERROR] Failed to load resource: net::ERR_NETWORK_CHANGED @ https://www.linkedin.com/li/track:0
[ 5215419ms] [ERROR] Failed to load resource: net::ERR_NETWORK_CHANGED @ https://www.linkedin.com/li/track:0
[ 5215419ms] [ERROR] Failed to load resource: net::ERR_NETWORK_CHANGED @ https://www.linkedin.com/li/track:0
[ 5215419ms] [ERROR] Failed to load resource: net::ERR_NETWORK_CHANGED @ https://www.linkedin.com/li/track:0
[ 5215419ms] [ERROR] Failed to load resource: net::ERR_NETWORK_CHANGED @ https://www.linkedin.com/li/track:0
[ 5215419ms] [ERROR] Failed to load resource: net::ERR_NETWORK_CHANGED @ https://www.linkedin.com/li/track:0
[ 5215419ms] [ERROR] Failed to load resource: net::ERR_NETWORK_CHANGED @ https://www.linkedin.com/li/track:0
[ 5215419ms] [ERROR] Failed to load resource: net::ERR_NETWORK_CHANGED @ https://www.linkedin.com/li/track:0
[ 5215419ms] [ERROR] Failed to load resource: net::ERR_NETWORK_CHANGED @ https://www.linkedin.com/li/track:0
[ 5215419ms] [ERROR] Failed to load resource: net::ERR_NETWORK_CHANGED @ https://www.linkedin.com/li/track:0
[ 5215419ms] [ERROR] Failed to load resource: net::ERR_NETWORK_CHANGED @ https://www.linkedin.com/li/track:0
[ 5215419ms] [ERROR] Failed to load resource: net::ERR_NETWORK_CHANGED @ https://www.linkedin.com/li/track:0
[ 5215419ms] [ERROR] Failed to load resource: net::ERR_NETWORK_CHANGED @ https://www.linkedin.com/li/track:0
[ 5215420ms] [ERROR] Failed to load resource: net::ERR_NETWORK_CHANGED @ https://www.linkedin.com/li/track:0
[ 5215420ms] [ERROR] Failed to load resource: net::ERR_NETWORK_CHANGED @ https://www.linkedin.com/li/track:0
[ 5215420ms] [ERROR] Failed to load resource: net::ERR_NETWORK_CHANGED @ https://www.linkedin.com/li/track:0
[ 5215420ms] [ERROR] Failed to load resource: net::ERR_NETWORK_CHANGED @ https://www.linkedin.com/li/track:0
[ 5215420ms] [ERROR] Failed to load resource: net::ERR_NETWORK_CHANGED @ https://www.linkedin.com/li/track:0
[ 5215420ms] [ERROR] Failed to load resource: net::ERR_NETWORK_CHANGED @ https://www.linkedin.com/li/track:0
[ 5215420ms] [ERROR] Failed to load resource: net::ERR_NETWORK_CHANGED @ https://www.linkedin.com/li/track:0
[ 5215420ms] [ERROR] Failed to load resource: net::ERR_NETWORK_CHANGED @ https://www.linkedin.com/li/track:0
[ 5215420ms] [ERROR] Failed to load resource: net::ERR_NETWORK_CHANGED @ https://www.linkedin.com/li/track:0
[ 5215420ms] [ERROR] Failed to load resource: net::ERR_NETWORK_CHANGED @ https://www.linkedin.com/li/track:0
[ 5215420ms] [ERROR] Failed to load resource: net::ERR_NETWORK_CHANGED @ https://www.linkedin.com/li/track:0
[ 5215420ms] [ERROR] Failed to load resource: net::ERR_NETWORK_CHANGED @ https://www.linkedin.com/li/track:0
[ 5215420ms] [ERROR] Failed to load resource: net::ERR_NETWORK_CHANGED @ https://www.linkedin.com/li/track:0
[ 5215420ms] [ERROR] Failed to load resource: net::ERR_NETWORK_CHANGED @ https://www.linkedin.com/li/track:0
[ 5215420ms] [ERROR] Failed to load resource: net::ERR_NETWORK_CHANGED @ https://www.linkedin.com/li/track:0
[ 5215420ms] [ERROR] Failed to load resource: net::ERR_NETWORK_CHANGED @ https://www.linkedin.com/li/track:0
[ 5215420ms] [ERROR] Failed to load resource: net::ERR_NETWORK_CHANGED @ https://www.linkedin.com/li/track:0
[ 5215420ms] [ERROR] Failed to load resource: net::ERR_NETWORK_CHANGED @ https://www.linkedin.com/li/track:0
[ 5215420ms] [ERROR] Failed to load resource: net::ERR_NETWORK_CHANGED @ https://www.linkedin.com/li/track:0
[ 5215420ms] [ERROR] Failed to load resource: net::ERR_NETWORK_CHANGED @ https://www.linkedin.com/li/track:0
[ 5215420ms] [ERROR] Failed to load resource: net::ERR_NETWORK_CHANGED @ https://www.linkedin.com/li/track:0
[ 5215420ms] [ERROR] Failed to load resource: net::ERR_NETWORK_CHANGED @ https://www.linkedin.com/li/track:0
[ 5215420ms] [ERROR] Failed to load resource: net::ERR_NETWORK_CHANGED @ https://www.linkedin.com/li/track:0
[ 5215420ms] [ERROR] Failed to load resource: net::ERR_NETWORK_CHANGED @ https://www.linkedin.com/li/track:0
[ 5215420ms] [ERROR] Failed to load resource: net::ERR_NETWORK_CHANGED @ https://www.linkedin.com/li/track:0
[ 5215421ms] [ERROR] Failed to load resource: net::ERR_NETWORK_CHANGED @ https://www.linkedin.com/li/track:0
[ 5215421ms] [ERROR] Failed to load resource: net::ERR_NETWORK_CHANGED @ https://www.linkedin.com/li/track:0
[ 5215421ms] [ERROR] Failed to load resource: net::ERR_NETWORK_CHANGED @ https://www.linkedin.com/li/track:0
[ 5215421ms] [ERROR] Failed to load resource: net::ERR_NETWORK_CHANGED @ https://www.linkedin.com/li/track:0
[ 5215421ms] [ERROR] Failed to load resource: net::ERR_NETWORK_CHANGED @ https://www.linkedin.com/li/track:0
[ 5215421ms] [ERROR] Failed to load resource: net::ERR_NETWORK_CHANGED @ https://www.linkedin.com/li/track:0
[ 5215421ms] [ERROR] Failed to load resource: net::ERR_NETWORK_CHANGED @ https://www.linkedin.com/li/track:0
[ 5215421ms] [ERROR] Failed to load resource: net::ERR_NETWORK_CHANGED @ https://www.linkedin.com/li/track:0
[ 5215421ms] [ERROR] Failed to load resource: net::ERR_NETWORK_CHANGED @ https://www.linkedin.com/li/track:0
[ 5215421ms] [ERROR] Failed to load resource: net::ERR_NETWORK_CHANGED @ https://www.linkedin.com/li/track:0
[ 5215421ms] [ERROR] Failed to load resource: net::ERR_NETWORK_CHANGED @ https://www.linkedin.com/li/track:0
[ 5215421ms] [ERROR] Failed to load resource: net::ERR_NETWORK_CHANGED @ https://www.linkedin.com/li/track:0
[ 5215421ms] [ERROR] Failed to load resource: net::ERR_NETWORK_CHANGED @ https://www.linkedin.com/li/track:0
[ 5215421ms] [ERROR] Failed to load resource: net::ERR_NETWORK_CHANGED @ https://www.linkedin.com/li/track:0
[ 5215421ms] [ERROR] Failed to load resource: net::ERR_NETWORK_CHANGED @ https://www.linkedin.com/li/track:0
[ 5215421ms] [ERROR] Failed to load resource: net::ERR_NETWORK_CHANGED @ https://www.linkedin.com/li/track:0
[ 5215421ms] [ERROR] Failed to load resource: net::ERR_NETWORK_CHANGED @ https://www.linkedin.com/li/track:0
[ 5215421ms] [ERROR] Failed to load resource: net::ERR_NETWORK_CHANGED @ https://www.linkedin.com/li/track:0
[ 5215421ms] [ERROR] Failed to load resource: net::ERR_NETWORK_CHANGED @ https://www.linkedin.com/li/track:0
[ 5215421ms] [ERROR] Failed to load resource: net::ERR_NETWORK_CHANGED @ https://www.linkedin.com/li/track:0
[ 5215421ms] [ERROR] Failed to load resource: net::ERR_NETWORK_CHANGED @ https://www.linkedin.com/li/track:0
[ 5215421ms] [ERROR] Failed to load resource: net::ERR_NETWORK_CHANGED @ https://www.linkedin.com/li/track:0
[ 5215421ms] [ERROR] Failed to load resource: net::ERR_NETWORK_CHANGED @ https://www.linkedin.com/li/track:0
[ 5215421ms] [ERROR] Failed to load resource: net::ERR_NETWORK_CHANGED @ https://www.linkedin.com/li/track:0
[ 5215422ms] [ERROR] Failed to load resource: net::ERR_NETWORK_CHANGED @ https://www.linkedin.com/li/track:0
[ 5215422ms] [ERROR] Failed to load resource: net::ERR_NETWORK_CHANGED @ https://www.linkedin.com/li/track:0
[ 5215422ms] [ERROR] Failed to load resource: net::ERR_NETWORK_CHANGED @ https://www.linkedin.com/li/track:0
[ 5215422ms] [ERROR] Failed to load resource: net::ERR_NETWORK_CHANGED @ https://www.linkedin.com/li/track:0
[ 5215422ms] [ERROR] Failed to load resource: net::ERR_NETWORK_CHANGED @ https://www.linkedin.com/li/track:0
[ 5215422ms] [ERROR] Failed to load resource: net::ERR_NETWORK_CHANGED @ https://www.linkedin.com/li/track:0
[ 5215422ms] [ERROR] Failed to load resource: net::ERR_NETWORK_CHANGED @ https://www.linkedin.com/li/track:0
[ 5215422ms] [ERROR] Failed to load resource: net::ERR_NETWORK_CHANGED @ https://www.linkedin.com/li/track:0
[ 5215422ms] [ERROR] Failed to load resource: net::ERR_NETWORK_CHANGED @ https://www.linkedin.com/li/track:0
[ 5215422ms] [ERROR] Failed to load resource: net::ERR_NETWORK_CHANGED @ https://www.linkedin.com/li/track:0
[ 5215422ms] [ERROR] Failed to load resource: net::ERR_NETWORK_CHANGED @ https://www.linkedin.com/li/track:0
[ 5215422ms] [ERROR] Failed to load resource: net::ERR_NETWORK_CHANGED @ https://www.linkedin.com/li/track:0
[ 5215422ms] [ERROR] Failed to load resource: net::ERR_NETWORK_CHANGED @ https://www.linkedin.com/li/track:0
[ 5215422ms] [ERROR] Failed to load resource: net::ERR_NETWORK_CHANGED @ https://www.linkedin.com/li/track:0
[ 5215422ms] [ERROR] Failed to load resource: net::ERR_NETWORK_CHANGED @ https://www.linkedin.com/li/track:0
[ 5215422ms] [ERROR] Failed to load resource: net::ERR_NETWORK_CHANGED @ https://www.linkedin.com/li/track:0
[ 5215422ms] [ERROR] Failed to load resource: net::ERR_NETWORK_CHANGED @ https://www.linkedin.com/li/track:0
[ 5215422ms] [ERROR] Failed to load resource: net::ERR_NETWORK_CHANGED @ https://www.linkedin.com/li/track:0
[ 5215422ms] [ERROR] Failed to load resource: net::ERR_NETWORK_CHANGED @ https://www.linkedin.com/li/track:0
[ 5215422ms] [ERROR] Failed to load resource: net::ERR_NETWORK_CHANGED @ https://www.linkedin.com/li/track:0
[ 5215422ms] [ERROR] Failed to load resource: net::ERR_NETWORK_CHANGED @ https://www.linkedin.com/li/track:0
[ 5215422ms] [ERROR] Failed to load resource: net::ERR_NETWORK_CHANGED @ https://www.linkedin.com/li/track:0
[ 5215422ms] [ERROR] Failed to load resource: net::ERR_NETWORK_CHANGED @ https://www.linkedin.com/li/track:0
[ 5215422ms] [ERROR] Failed to load resource: net::ERR_NETWORK_CHANGED @ https://www.linkedin.com/li/track:0
[ 5215422ms] [ERROR] Failed to load resource: net::ERR_NETWORK_CHANGED @ https://www.linkedin.com/li/track:0
[ 5215423ms] [ERROR] Failed to load resource: net::ERR_NETWORK_CHANGED @ https://www.linkedin.com/li/track:0
[ 5215423ms] [ERROR] Failed to load resource: net::ERR_NETWORK_CHANGED @ https://www.linkedin.com/li/track:0
[ 5215423ms] [ERROR] Failed to load resource: net::ERR_NETWORK_CHANGED @ https://www.linkedin.com/li/track:0
[ 5215423ms] [ERROR] Failed to load resource: net::ERR_NETWORK_CHANGED @ https://www.linkedin.com/li/track:0
[ 5215423ms] [ERROR] Failed to load resource: net::ERR_NETWORK_CHANGED @ https://www.linkedin.com/li/track:0
[ 5215423ms] [ERROR] Failed to load resource: net::ERR_NETWORK_CHANGED @ https://www.linkedin.com/li/track:0
[ 5215423ms] [ERROR] Failed to load resource: net::ERR_NETWORK_CHANGED @ https://www.linkedin.com/li/track:0
[ 5215423ms] [ERROR] Failed to load resource: net::ERR_NETWORK_CHANGED @ https://www.linkedin.com/li/track:0
[ 5215423ms] [ERROR] Failed to load resource: net::ERR_NETWORK_CHANGED @ https://www.linkedin.com/li/track:0
[ 5215423ms] [ERROR] Failed to load resource: net::ERR_NETWORK_CHANGED @ https://www.linkedin.com/li/track:0
[ 5215423ms] [ERROR] Failed to load resource: net::ERR_NETWORK_CHANGED @ https://www.linkedin.com/li/track:0
[ 5215423ms] [ERROR] Failed to load resource: net::ERR_NETWORK_CHANGED @ https://www.linkedin.com/li/track:0
[ 5215423ms] [ERROR] Failed to load resource: net::ERR_NETWORK_CHANGED @ https://www.linkedin.com/li/track:0
[ 5215423ms] [ERROR] Failed to load resource: net::ERR_NETWORK_CHANGED @ https://www.linkedin.com/li/track:0
[ 5215423ms] [ERROR] Failed to load resource: net::ERR_NETWORK_CHANGED @ https://www.linkedin.com/li/track:0
[ 5215423ms] [ERROR] Failed to load resource: net::ERR_NETWORK_CHANGED @ https://www.linkedin.com/li/track:0
[ 5215423ms] [ERROR] Failed to load resource: net::ERR_NETWORK_CHANGED @ https://www.linkedin.com/li/track:0
[ 5215423ms] [ERROR] Failed to load resource: net::ERR_NETWORK_CHANGED @ https://www.linkedin.com/li/track:0
[ 5215423ms] [ERROR] Failed to load resource: net::ERR_NETWORK_CHANGED @ https://www.linkedin.com/li/track:0
[ 5215424ms] [ERROR] Failed to load resource: net::ERR_NETWORK_CHANGED @ https://www.linkedin.com/li/track:0
[ 5215424ms] [ERROR] Failed to load resource: net::ERR_NETWORK_CHANGED @ https://www.linkedin.com/li/track:0
[ 5215424ms] [ERROR] Failed to load resource: net::ERR_NETWORK_CHANGED @ https://www.linkedin.com/li/track:0
[ 5215424ms] [ERROR] Failed to load resource: net::ERR_NETWORK_CHANGED @ https://www.linkedin.com/li/track:0
[ 5215424ms] [ERROR] Failed to load resource: net::ERR_NETWORK_CHANGED @ https://www.linkedin.com/li/track:0
[ 5215424ms] [ERROR] Failed to load resource: net::ERR_NETWORK_CHANGED @ https://www.linkedin.com/li/track:0
[ 5215424ms] [ERROR] Failed to load resource: net::ERR_NETWORK_CHANGED @ https://www.linkedin.com/li/track:0
[ 5215424ms] [ERROR] Failed to load resource: net::ERR_NETWORK_CHANGED @ https://www.linkedin.com/li/track:0
[ 5215424ms] [ERROR] Failed to load resource: net::ERR_NETWORK_CHANGED @ https://www.linkedin.com/li/track:0
[ 5215424ms] [ERROR] Failed to load resource: net::ERR_NETWORK_CHANGED @ https://www.linkedin.com/li/track:0
[ 5215424ms] [ERROR] Failed to load resource: net::ERR_NETWORK_CHANGED @ https://www.linkedin.com/li/track:0
[ 5215424ms] [ERROR] Failed to load resource: net::ERR_NETWORK_CHANGED @ https://www.linkedin.com/li/track:0
[ 5215424ms] [ERROR] Failed to load resource: net::ERR_NETWORK_CHANGED @ https://www.linkedin.com/li/track:0
[ 5215424ms] [ERROR] Failed to load resource: net::ERR_NETWORK_CHANGED @ https://www.linkedin.com/li/track:0
[ 5215424ms] [ERROR] Failed to load resource: net::ERR_NETWORK_CHANGED @ https://www.linkedin.com/li/track:0
[ 5215424ms] [ERROR] Failed to load resource: net::ERR_NETWORK_CHANGED @ https://www.linkedin.com/li/track:0
[ 5215424ms] [ERROR] Failed to load resource: net::ERR_NETWORK_CHANGED @ https://www.linkedin.com/li/track:0
[ 5215424ms] [ERROR] Failed to load resource: net::ERR_NETWORK_CHANGED @ https://www.linkedin.com/li/track:0
[ 5215424ms] [ERROR] Failed to load resource: net::ERR_NETWORK_CHANGED @ https://www.linkedin.com/li/track:0
[ 5215424ms] [ERROR] Failed to load resource: net::ERR_NETWORK_CHANGED @ https://www.linkedin.com/li/track:0
[ 5215424ms] [ERROR] Failed to load resource: net::ERR_NETWORK_CHANGED @ https://www.linkedin.com/li/track:0
[ 5215424ms] [ERROR] Failed to load resource: net::ERR_NETWORK_CHANGED @ https://www.linkedin.com/li/track:0
[ 5215424ms] [ERROR] Failed to load resource: net::ERR_NETWORK_CHANGED @ https://www.linkedin.com/li/track:0
[ 5215424ms] [ERROR] Failed to load resource: net::ERR_NETWORK_CHANGED @ https://www.linkedin.com/li/track:0
[ 5215425ms] [ERROR] Failed to load resource: net::ERR_NETWORK_CHANGED @ https://www.linkedin.com/li/track:0
[ 5215425ms] [ERROR] Failed to load resource: net::ERR_NETWORK_CHANGED @ https://www.linkedin.com/li/track:0
[ 5215425ms] [ERROR] Failed to load resource: net::ERR_NETWORK_CHANGED @ https://www.linkedin.com/li/track:0
[ 5215425ms] [ERROR] Failed to load resource: net::ERR_NETWORK_CHANGED @ https://www.linkedin.com/li/track:0
[ 5215425ms] [ERROR] Failed to load resource: net::ERR_NETWORK_CHANGED @ https://www.linkedin.com/li/track:0
[ 5215425ms] [ERROR] Failed to load resource: net::ERR_NETWORK_CHANGED @ https://www.linkedin.com/li/track:0
[ 5215425ms] [ERROR] Failed to load resource: net::ERR_NETWORK_CHANGED @ https://www.linkedin.com/li/track:0
[ 5215425ms] [ERROR] Failed to load resource: net::ERR_NETWORK_CHANGED @ https://www.linkedin.com/li/track:0
[ 5215425ms] [ERROR] Failed to load resource: net::ERR_NETWORK_CHANGED @ https://www.linkedin.com/li/track:0
[ 5215425ms] [ERROR] Failed to load resource: net::ERR_NETWORK_CHANGED @ https://www.linkedin.com/li/track:0
[ 5215425ms] [ERROR] Failed to load resource: net::ERR_NETWORK_CHANGED @ https://www.linkedin.com/li/track:0
[ 5215425ms] [ERROR] Failed to load resource: net::ERR_NETWORK_CHANGED @ https://www.linkedin.com/li/track:0
[ 5215425ms] [ERROR] Failed to load resource: net::ERR_NETWORK_CHANGED @ https://www.linkedin.com/li/track:0
[ 5215425ms] [ERROR] Failed to load resource: net::ERR_NETWORK_CHANGED @ https://www.linkedin.com/li/track:0
[ 5215425ms] [ERROR] Failed to load resource: net::ERR_NETWORK_CHANGED @ https://www.linkedin.com/li/track:0
[ 5215425ms] [ERROR] Failed to load resource: net::ERR_NETWORK_CHANGED @ https://www.linkedin.com/li/track:0
[ 5215425ms] [ERROR] Failed to load resource: net::ERR_NETWORK_CHANGED @ https://www.linkedin.com/li/track:0
[ 5215425ms] [ERROR] Failed to load resource: net::ERR_NETWORK_CHANGED @ https://www.linkedin.com/li/track:0
[ 5215425ms] [ERROR] Failed to load resource: net::ERR_NETWORK_CHANGED @ https://www.linkedin.com/li/track:0
[ 5215425ms] [ERROR] Failed to load resource: net::ERR_NETWORK_CHANGED @ https://www.linkedin.com/li/track:0
[ 5215425ms] [ERROR] Failed to load resource: net::ERR_NETWORK_CHANGED @ https://www.linkedin.com/li/track:0
[ 5215425ms] [ERROR] Failed to load resource: net::ERR_NETWORK_CHANGED @ https://www.linkedin.com/li/track:0
[ 5215425ms] [ERROR] Failed to load resource: net::ERR_NETWORK_CHANGED @ https://www.linkedin.com/li/track:0
[ 5215425ms] [ERROR] Failed to load resource: net::ERR_NETWORK_CHANGED @ https://www.linkedin.com/li/track:0
[ 5215425ms] [ERROR] Failed to load resource: net::ERR_NETWORK_CHANGED @ https://www.linkedin.com/li/track:0
[ 5215426ms] [ERROR] Failed to load resource: net::ERR_NETWORK_CHANGED @ https://www.linkedin.com/li/track:0
[ 5215426ms] [ERROR] Failed to load resource: net::ERR_NETWORK_CHANGED @ https://www.linkedin.com/li/track:0
[ 5215426ms] [ERROR] Failed to load resource: net::ERR_NETWORK_CHANGED @ https://www.linkedin.com/li/track:0
[ 5215426ms] [ERROR] Failed to load resource: net::ERR_NETWORK_CHANGED @ https://www.linkedin.com/li/track:0
[ 5215426ms] [ERROR] Failed to load resource: net::ERR_NETWORK_CHANGED @ https://www.linkedin.com/li/track:0
[ 5215426ms] [ERROR] Failed to load resource: net::ERR_NETWORK_CHANGED @ https://www.linkedin.com/li/track:0
[ 5215426ms] [ERROR] Failed to load resource: net::ERR_NETWORK_CHANGED @ https://www.linkedin.com/li/track:0
[ 5215426ms] [ERROR] Failed to load resource: net::ERR_NETWORK_CHANGED @ https://www.linkedin.com/li/track:0
[ 5215426ms] [ERROR] Failed to load resource: net::ERR_NETWORK_CHANGED @ https://www.linkedin.com/li/track:0
[ 5215426ms] [ERROR] Failed to load resource: net::ERR_NETWORK_CHANGED @ https://www.linkedin.com/li/track:0
[ 5215426ms] [ERROR] Failed to load resource: net::ERR_NETWORK_CHANGED @ https://www.linkedin.com/li/track:0
[ 5215426ms] [ERROR] Failed to load resource: net::ERR_NETWORK_CHANGED @ https://www.linkedin.com/li/track:0
[ 5215426ms] [ERROR] Failed to load resource: net::ERR_NETWORK_CHANGED @ https://www.linkedin.com/li/track:0
[ 5215426ms] [ERROR] Failed to load resource: net::ERR_NETWORK_CHANGED @ https://www.linkedin.com/li/track:0
[ 5215426ms] [ERROR] Failed to load resource: net::ERR_NETWORK_CHANGED @ https://www.linkedin.com/li/track:0
[ 5215426ms] [ERROR] Failed to load resource: net::ERR_NETWORK_CHANGED @ https://www.linkedin.com/li/track:0
[ 5215426ms] [ERROR] Failed to load resource: net::ERR_NETWORK_CHANGED @ https://www.linkedin.com/li/track:0
[ 5215426ms] [ERROR] Failed to load resource: net::ERR_NETWORK_CHANGED @ https://www.linkedin.com/li/track:0
[ 5215426ms] [ERROR] Failed to load resource: net::ERR_NETWORK_CHANGED @ https://www.linkedin.com/li/track:0
[ 5215426ms] [ERROR] Failed to load resource: net::ERR_NETWORK_CHANGED @ https://www.linkedin.com/li/track:0
[ 5215426ms] [ERROR] Failed to load resource: net::ERR_NETWORK_CHANGED @ https://www.linkedin.com/li/track:0
[ 5215426ms] [ERROR] Failed to load resource: net::ERR_NETWORK_CHANGED @ https://www.linkedin.com/li/track:0
[ 5215426ms] [ERROR] Failed to load resource: net::ERR_NETWORK_CHANGED @ https://www.linkedin.com/li/track:0
[ 5215427ms] [ERROR] Failed to load resource: net::ERR_NETWORK_CHANGED @ https://www.linkedin.com/li/track:0
[ 5215429ms] [ERROR] Failed to load resource: net::ERR_QUIC_PROTOCOL_ERROR.QUIC_PACKET_WRITE_ERROR @ https://www.linkedin.com/li/track:0
[ 5215429ms] [ERROR] Failed to load resource: net::ERR_NAME_NOT_RESOLVED @ https://www.linkedin.com/li/track:0
[ 5215429ms] [ERROR] Failed to load resource: net::ERR_NAME_NOT_RESOLVED @ https://www.linkedin.com/li/track:0
[ 5215429ms] [ERROR] Failed to load resource: net::ERR_NAME_NOT_RESOLVED @ https://www.linkedin.com/li/track:0
[ 5215429ms] [ERROR] Failed to load resource: net::ERR_NAME_NOT_RESOLVED @ https://www.linkedin.com/li/track:0
[ 5215429ms] [ERROR] Failed to load resource: net::ERR_NAME_NOT_RESOLVED @ https://www.linkedin.com/li/track:0
[ 5215429ms] [ERROR] Failed to load resource: net::ERR_NAME_NOT_RESOLVED @ https://www.linkedin.com/li/track:0
[ 5215429ms] [ERROR] Failed to load resource: net::ERR_NAME_NOT_RESOLVED @ https://www.linkedin.com/li/track:0
[ 5215429ms] [ERROR] Failed to load resource: net::ERR_NAME_NOT_RESOLVED @ https://www.linkedin.com/li/track:0
[ 5215429ms] [ERROR] Failed to load resource: net::ERR_NAME_NOT_RESOLVED @ https://www.linkedin.com/li/track:0
[ 5215429ms] [ERROR] Failed to load resource: net::ERR_NAME_NOT_RESOLVED @ https://www.linkedin.com/li/track:0
[ 5215429ms] [ERROR] Failed to load resource: net::ERR_NAME_NOT_RESOLVED @ https://www.linkedin.com/li/track:0
[ 5215430ms] [ERROR] Failed to load resource: net::ERR_NAME_NOT_RESOLVED @ https://www.linkedin.com/li/track:0
[ 5215430ms] [ERROR] Failed to load resource: net::ERR_NAME_NOT_RESOLVED @ https://www.linkedin.com/li/track:0
[ 5215430ms] [ERROR] Failed to load resource: net::ERR_NAME_NOT_RESOLVED @ https://www.linkedin.com/li/track:0
[ 5215430ms] [ERROR] Failed to load resource: net::ERR_NAME_NOT_RESOLVED @ https://www.linkedin.com/li/track:0
[ 5215430ms] [ERROR] Failed to load resource: net::ERR_NAME_NOT_RESOLVED @ https://www.linkedin.com/li/track:0
[ 5215430ms] [ERROR] Failed to load resource: net::ERR_NAME_NOT_RESOLVED @ https://www.linkedin.com/li/track:0
[ 5215430ms] [ERROR] Failed to load resource: net::ERR_NAME_NOT_RESOLVED @ https://www.linkedin.com/li/track:0
[ 5215430ms] [ERROR] Failed to load resource: net::ERR_NAME_NOT_RESOLVED @ https://www.linkedin.com/li/track:0
[ 5215430ms] [ERROR] Failed to load resource: net::ERR_NAME_NOT_RESOLVED @ https://www.linkedin.com/li/track:0
[ 5215430ms] [ERROR] Failed to load resource: net::ERR_NAME_NOT_RESOLVED @ https://www.linkedin.com/li/track:0
[ 5215430ms] [ERROR] Failed to load resource: net::ERR_NAME_NOT_RESOLVED @ https://www.linkedin.com/li/track:0
[ 5215430ms] [ERROR] Failed to load resource: net::ERR_NAME_NOT_RESOLVED @ https://www.linkedin.com/li/track:0
[ 5215430ms] [ERROR] Failed to load resource: net::ERR_NAME_NOT_RESOLVED @ https://www.linkedin.com/li/track:0
[ 5215430ms] [ERROR] Failed to load resource: net::ERR_NAME_NOT_RESOLVED @ https://www.linkedin.com/li/track:0
[ 5215430ms] [ERROR] Failed to load resource: net::ERR_NAME_NOT_RESOLVED @ https://www.linkedin.com/li/track:0
[ 5215430ms] [ERROR] Failed to load resource: net::ERR_NAME_NOT_RESOLVED @ https://www.linkedin.com/li/track:0
[ 5215430ms] [ERROR] Failed to load resource: net::ERR_NAME_NOT_RESOLVED @ https://www.linkedin.com/li/track:0
[ 5215430ms] [ERROR] Failed to load resource: net::ERR_NAME_NOT_RESOLVED @ https://www.linkedin.com/li/track:0
[ 5215430ms] [ERROR] Failed to load resource: net::ERR_NAME_NOT_RESOLVED @ https://www.linkedin.com/li/track:0
[ 5215430ms] [ERROR] Failed to load resource: net::ERR_NAME_NOT_RESOLVED @ https://www.linkedin.com/li/track:0
[ 5215430ms] [ERROR] Failed to load resource: net::ERR_NAME_NOT_RESOLVED @ https://www.linkedin.com/li/track:0
[ 5215430ms] [ERROR] Failed to load resource: net::ERR_NAME_NOT_RESOLVED @ https://www.linkedin.com/li/track:0
[ 5215430ms] [ERROR] Failed to load resource: net::ERR_NAME_NOT_RESOLVED @ https://www.linkedin.com/li/track:0
[ 5215430ms] [ERROR] Failed to load resource: net::ERR_NAME_NOT_RESOLVED @ https://www.linkedin.com/li/track:0
[ 5215430ms] [ERROR] Failed to load resource: net::ERR_NAME_NOT_RESOLVED @ https://www.linkedin.com/li/track:0
[ 5215430ms] [ERROR] Failed to load resource: net::ERR_NAME_NOT_RESOLVED @ https://www.linkedin.com/li/track:0
[ 5215431ms] [ERROR] Failed to load resource: net::ERR_NAME_NOT_RESOLVED @ https://www.linkedin.com/li/track:0
[ 5215431ms] [ERROR] Failed to load resource: net::ERR_NAME_NOT_RESOLVED @ https://www.linkedin.com/li/track:0
[ 5215431ms] [ERROR] Failed to load resource: net::ERR_NAME_NOT_RESOLVED @ https://www.linkedin.com/li/track:0
[ 5215431ms] [ERROR] Failed to load resource: net::ERR_NAME_NOT_RESOLVED @ https://www.linkedin.com/li/track:0
[ 5215431ms] [ERROR] Failed to load resource: net::ERR_NAME_NOT_RESOLVED @ https://www.linkedin.com/li/track:0
[ 5215431ms] [ERROR] Failed to load resource: net::ERR_NAME_NOT_RESOLVED @ https://www.linkedin.com/li/track:0
[ 5215431ms] [ERROR] Failed to load resource: net::ERR_NAME_NOT_RESOLVED @ https://www.linkedin.com/li/track:0
[ 5215431ms] [ERROR] Failed to load resource: net::ERR_NAME_NOT_RESOLVED @ https://www.linkedin.com/li/track:0
[ 5215431ms] [ERROR] Failed to load resource: net::ERR_NAME_NOT_RESOLVED @ https://www.linkedin.com/li/track:0
[ 5215431ms] [ERROR] Failed to load resource: net::ERR_NAME_NOT_RESOLVED @ https://www.linkedin.com/li/track:0
[ 5215431ms] [ERROR] Failed to load resource: net::ERR_NAME_NOT_RESOLVED @ https://www.linkedin.com/li/track:0
[ 5215431ms] [ERROR] Failed to load resource: net::ERR_NAME_NOT_RESOLVED @ https://www.linkedin.com/li/track:0
[ 5215431ms] [ERROR] Failed to load resource: net::ERR_NAME_NOT_RESOLVED @ https://www.linkedin.com/li/track:0
[ 5215431ms] [ERROR] Failed to load resource: net::ERR_NAME_NOT_RESOLVED @ https://www.linkedin.com/li/track:0
[ 5215431ms] [ERROR] Failed to load resource: net::ERR_NAME_NOT_RESOLVED @ https://www.linkedin.com/li/track:0
[ 5215431ms] [ERROR] Failed to load resource: net::ERR_NAME_NOT_RESOLVED @ https://www.linkedin.com/li/track:0
[ 5215431ms] [ERROR] Failed to load resource: net::ERR_NAME_NOT_RESOLVED @ https://www.linkedin.com/li/track:0
[ 5215432ms] [ERROR] Failed to load resource: net::ERR_NAME_NOT_RESOLVED @ https://www.linkedin.com/li/track:0
[ 5215432ms] [ERROR] Failed to load resource: net::ERR_NAME_NOT_RESOLVED @ https://www.linkedin.com/li/track:0
[ 5215432ms] [ERROR] Failed to load resource: net::ERR_NAME_NOT_RESOLVED @ https://www.linkedin.com/li/track:0
[ 5215432ms] [ERROR] Failed to load resource: net::ERR_NAME_NOT_RESOLVED @ https://www.linkedin.com/li/track:0
[ 5215432ms] [ERROR] Failed to load resource: net::ERR_NAME_NOT_RESOLVED @ https://www.linkedin.com/li/track:0
[ 5215432ms] [ERROR] Failed to load resource: net::ERR_NAME_NOT_RESOLVED @ https://www.linkedin.com/li/track:0
[ 5215432ms] [ERROR] Failed to load resource: net::ERR_NAME_NOT_RESOLVED @ https://www.linkedin.com/li/track:0
[ 5215432ms] [ERROR] Failed to load resource: net::ERR_NAME_NOT_RESOLVED @ https://www.linkedin.com/li/track:0
[ 5215432ms] [ERROR] Failed to load resource: net::ERR_NAME_NOT_RESOLVED @ https://www.linkedin.com/li/track:0
[ 5215432ms] [ERROR] Failed to load resource: net::ERR_NAME_NOT_RESOLVED @ https://www.linkedin.com/li/track:0
[ 5215432ms] [ERROR] Failed to load resource: net::ERR_NAME_NOT_RESOLVED @ https://www.linkedin.com/li/track:0
[ 5215432ms] [ERROR] Failed to load resource: net::ERR_NAME_NOT_RESOLVED @ https://www.linkedin.com/li/track:0
[ 5215432ms] [ERROR] Failed to load resource: net::ERR_NAME_NOT_RESOLVED @ https://www.linkedin.com/li/track:0
[ 5215433ms] [ERROR] Failed to load resource: net::ERR_INTERNET_DISCONNECTED @ https://www.linkedin.com/li/track:0
[ 5215433ms] [ERROR] Failed to load resource: net::ERR_INTERNET_DISCONNECTED @ https://www.linkedin.com/li/track:0
[ 5215433ms] [ERROR] Failed to load resource: net::ERR_INTERNET_DISCONNECTED @ https://www.linkedin.com/li/track:0
[ 5215434ms] [ERROR] Failed to load resource: net::ERR_INTERNET_DISCONNECTED @ https://www.linkedin.com/li/track:0
[ 5215434ms] [ERROR] Failed to load resource: net::ERR_INTERNET_DISCONNECTED @ https://www.linkedin.com/li/track:0
[ 5215434ms] [ERROR] Failed to load resource: net::ERR_INTERNET_DISCONNECTED @ https://www.linkedin.com/li/track:0
[ 5215441ms] [ERROR] Failed to load resource: net::ERR_INTERNET_DISCONNECTED @ https://www.linkedin.com/li/track:0
[ 5215441ms] [ERROR] Failed to load resource: net::ERR_INTERNET_DISCONNECTED @ https://www.linkedin.com/li/track:0
[ 5215441ms] [ERROR] Failed to load resource: net::ERR_INTERNET_DISCONNECTED @ https://www.linkedin.com/li/track:0
[ 5215441ms] [ERROR] Failed to load resource: net::ERR_INTERNET_DISCONNECTED @ https://www.linkedin.com/li/track:0
[ 5215441ms] [ERROR] Failed to load resource: net::ERR_INTERNET_DISCONNECTED @ https://www.linkedin.com/li/track:0
[ 5215441ms] [ERROR] Failed to load resource: net::ERR_INTERNET_DISCONNECTED @ https://www.linkedin.com/li/track:0
[ 5215444ms] [ERROR] Failed to load resource: net::ERR_INTERNET_DISCONNECTED @ https://www.linkedin.com/li/track:0
[ 5215444ms] [ERROR] Failed to load resource: net::ERR_INTERNET_DISCONNECTED @ https://www.linkedin.com/li/track:0
[ 5215444ms] [ERROR] Failed to load resource: net::ERR_INTERNET_DISCONNECTED @ https://www.linkedin.com/li/track:0
[ 5215444ms] [ERROR] Failed to load resource: net::ERR_INTERNET_DISCONNECTED @ https://www.linkedin.com/li/track:0
[ 5215444ms] [ERROR] Failed to load resource: net::ERR_INTERNET_DISCONNECTED @ https://www.linkedin.com/li/track:0
[ 5215444ms] [ERROR] Failed to load resource: net::ERR_INTERNET_DISCONNECTED @ https://www.linkedin.com/li/track:0
[ 5215447ms] [ERROR] Failed to load resource: net::ERR_INTERNET_DISCONNECTED @ https://www.linkedin.com/li/track:0
[ 5215447ms] [ERROR] Failed to load resource: net::ERR_INTERNET_DISCONNECTED @ https://www.linkedin.com/li/track:0
[ 5215447ms] [ERROR] Failed to load resource: net::ERR_INTERNET_DISCONNECTED @ https://www.linkedin.com/li/track:0
[ 5215447ms] [ERROR] Failed to load resource: net::ERR_INTERNET_DISCONNECTED @ https://www.linkedin.com/li/track:0
[ 5215447ms] [ERROR] Failed to load resource: net::ERR_INTERNET_DISCONNECTED @ https://www.linkedin.com/li/track:0
[ 5215447ms] [ERROR] Failed to load resource: net::ERR_INTERNET_DISCONNECTED @ https://www.linkedin.com/li/track:0
[ 5215448ms] [ERROR] Failed to load resource: net::ERR_INTERNET_DISCONNECTED @ https://www.linkedin.com/li/track:0
[ 5215449ms] [ERROR] Failed to load resource: net::ERR_INTERNET_DISCONNECTED @ https://www.linkedin.com/li/track:0
[ 5215449ms] [ERROR] Failed to load resource: net::ERR_INTERNET_DISCONNECTED @ https://www.linkedin.com/li/track:0
[ 5215449ms] [ERROR] Failed to load resource: net::ERR_INTERNET_DISCONNECTED @ https://www.linkedin.com/li/track:0
[ 5215451ms] [ERROR] Failed to load resource: net::ERR_INTERNET_DISCONNECTED @ https://www.linkedin.com/li/track:0
[ 5215451ms] [ERROR] Failed to load resource: net::ERR_INTERNET_DISCONNECTED @ https://www.linkedin.com/li/track:0
[ 5215451ms] [ERROR] Failed to load resource: net::ERR_INTERNET_DISCONNECTED @ https://www.linkedin.com/li/track:0
[ 5215451ms] [ERROR] Failed to load resource: net::ERR_INTERNET_DISCONNECTED @ https://www.linkedin.com/li/track:0
[ 5215451ms] [ERROR] Failed to load resource: net::ERR_INTERNET_DISCONNECTED @ https://www.linkedin.com/li/track:0
[ 5215451ms] [ERROR] Failed to load resource: net::ERR_INTERNET_DISCONNECTED @ https://www.linkedin.com/li/track:0
[ 5217313ms] [ERROR] Failed to load resource: net::ERR_INTERNET_DISCONNECTED @ https://www.linkedin.com/li/track:0
[ 5217314ms] [ERROR] Failed to load resource: net::ERR_INTERNET_DISCONNECTED @ https://www.linkedin.com/li/track:0
[ 5219313ms] [ERROR] Failed to load resource: net::ERR_INTERNET_DISCONNECTED @ https://www.linkedin.com/li/track:0
[ 5219314ms] [ERROR] Failed to load resource: net::ERR_INTERNET_DISCONNECTED @ https://www.linkedin.com/li/track:0
[ 5221314ms] [ERROR] Failed to load resource: net::ERR_INTERNET_DISCONNECTED @ https://www.linkedin.com/li/track:0
[ 5221330ms] [ERROR] Failed to load resource: net::ERR_INTERNET_DISCONNECTED @ https://www.linkedin.com/li/track:0
[ 5239843ms] [ERROR] Failed to load resource: net::ERR_NETWORK_CHANGED @ https://www.linkedin.com/li/track:0
[ 5239844ms] [ERROR] Failed to load resource: net::ERR_NETWORK_CHANGED @ https://www.linkedin.com/li/track:0
[ 5239845ms] [ERROR] Failed to load resource: net::ERR_NETWORK_CHANGED @ https://www.linkedin.com/li/track:0
[ 5239845ms] [ERROR] Failed to load resource: net::ERR_NETWORK_CHANGED @ https://www.linkedin.com/li/track:0
[ 5239846ms] [ERROR] Failed to load resource: net::ERR_NETWORK_CHANGED @ https://www.linkedin.com/li/track:0
[ 5239846ms] [ERROR] Failed to load resource: net::ERR_NETWORK_CHANGED @ https://www.linkedin.com/li/track:0
[ 5239846ms] [ERROR] Failed to load resource: net::ERR_NETWORK_CHANGED @ https://www.linkedin.com/li/track:0
[ 5239847ms] [ERROR] Failed to load resource: net::ERR_NETWORK_CHANGED @ https://www.linkedin.com/li/track:0
[ 5239847ms] [ERROR] Failed to load resource: net::ERR_NETWORK_CHANGED @ https://www.linkedin.com/li/track:0
[ 5239861ms] [ERROR] Failed to load resource: net::ERR_INTERNET_DISCONNECTED @ https://www.linkedin.com/li/track:0
[ 5239867ms] [ERROR] Failed to load resource: net::ERR_INTERNET_DISCONNECTED @ https://www.linkedin.com/li/track:0
[ 5239867ms] [ERROR] Failed to load resource: net::ERR_INTERNET_DISCONNECTED @ https://www.linkedin.com/li/track:0
[ 5239867ms] [ERROR] Failed to load resource: net::ERR_INTERNET_DISCONNECTED @ https://www.linkedin.com/li/track:0
[ 5239867ms] [ERROR] Failed to load resource: net::ERR_INTERNET_DISCONNECTED @ https://www.linkedin.com/li/track:0
[ 5239867ms] [ERROR] Failed to load resource: net::ERR_INTERNET_DISCONNECTED @ https://www.linkedin.com/li/track:0
[ 5239867ms] [ERROR] Failed to load resource: net::ERR_INTERNET_DISCONNECTED @ https://www.linkedin.com/li/track:0
[ 5239876ms] [ERROR] Failed to load resource: net::ERR_INTERNET_DISCONNECTED @ https://www.linkedin.com/li/track:0
[ 5239876ms] [ERROR] Failed to load resource: net::ERR_INTERNET_DISCONNECTED @ https://www.linkedin.com/li/track:0
[ 5278319ms] [ERROR] Failed to load resource: net::ERR_CONNECTION_CLOSED @ https://www.linkedin.com/li/track:0
[ 5278320ms] [ERROR] Failed to load resource: net::ERR_CONNECTION_CLOSED @ https://www.linkedin.com/li/track:0
[ 5278322ms] [ERROR] Failed to load resource: net::ERR_CONNECTION_CLOSED @ https://www.linkedin.com/li/track:0
[ 5278324ms] [ERROR] Failed to load resource: net::ERR_CONNECTION_CLOSED @ https://www.linkedin.com/li/track:0
[ 5363311ms] [ERROR] Failed to load resource: net::ERR_NETWORK_CHANGED @ https://www.linkedin.com/li/track:0
[ 5363313ms] [ERROR] Failed to load resource: net::ERR_NETWORK_CHANGED @ https://www.linkedin.com/li/track:0
[ 5363317ms] [ERROR] Failed to load resource: net::ERR_NETWORK_CHANGED @ https://www.linkedin.com/li/track:0
[ 5363318ms] [ERROR] Failed to load resource: net::ERR_NETWORK_CHANGED @ https://www.linkedin.com/li/track:0
[ 5363318ms] [ERROR] Failed to load resource: net::ERR_NETWORK_CHANGED @ https://www.linkedin.com/li/track:0
[ 5363333ms] [ERROR] Failed to load resource: net::ERR_INTERNET_DISCONNECTED @ https://www.linkedin.com/li/track:0
[ 5363335ms] [ERROR] Failed to load resource: net::ERR_INTERNET_DISCONNECTED @ https://www.linkedin.com/li/track:0
[ 5363335ms] [ERROR] Failed to load resource: net::ERR_INTERNET_DISCONNECTED @ https://www.linkedin.com/li/track:0
[ 5363336ms] [ERROR] Failed to load resource: net::ERR_INTERNET_DISCONNECTED @ https://www.linkedin.com/li/track:0
[ 5363336ms] [ERROR] Failed to load resource: net::ERR_INTERNET_DISCONNECTED @ https://www.linkedin.com/li/track:0
[ 5363336ms] [ERROR] Failed to load resource: net::ERR_INTERNET_DISCONNECTED @ https://www.linkedin.com/li/track:0
[ 5363345ms] [ERROR] Failed to load resource: net::ERR_INTERNET_DISCONNECTED @ https://www.linkedin.com/li/track:0
[ 5365315ms] [ERROR] Failed to load resource: net::ERR_INTERNET_DISCONNECTED @ https://www.linkedin.com/li/track:0
[ 5365320ms] [ERROR] Failed to load resource: net::ERR_INTERNET_DISCONNECTED @ https://www.linkedin.com/li/track:0
[ 5385290ms] [ERROR] Failed to load resource: net::ERR_TIMED_OUT @ https://www.linkedin.com/li/track:0
[ 5387581ms] [ERROR] Failed to load resource: net::ERR_TIMED_OUT @ https://www.linkedin.com/li/track:0
[ 5389570ms] [ERROR] Failed to load resource: net::ERR_TIMED_OUT @ https://www.linkedin.com/li/track:0
[ 5391571ms] [ERROR] Failed to load resource: net::ERR_TIMED_OUT @ https://www.linkedin.com/li/track:0
[ 5393934ms] [ERROR] Failed to load resource: net::ERR_TIMED_OUT @ https://www.linkedin.com/li/track:0
[ 5395575ms] [ERROR] Failed to load resource: net::ERR_TIMED_OUT @ https://www.linkedin.com/li/track:0
